id;code;latitude;longitude;address;district;postal_code;total_volume;trash_type;prediction;bin_type;installed_at;created;last_modify;created_batch_id;updated_batch_id
29470;S_003C_COMMUNAL;50,140000000000000;14,100000000000000;Václava Rabase 879;Kladno;27201;5000;communal;;;;2019-03-05 01:01:12.193000000;2019-03-05 01:01:12.680000000;4840198;4840198
29471;S_003C_QS02200138;50,140000000000000;14,100000000000000;Václava Rabase 879;Kladno;27201;5000;plastic;;;;2019-03-05 01:01:12.193000000;2019-03-05 01:01:12.680000000;4840198;4840198
29472;S_003C_QS02200162;50,140000000000000;14,100000000000000;Václava Rabase 879;Kladno;27201;5000;paper;;;;2019-03-05 01:01:12.193000000;2019-03-05 01:01:12.680000000;4840198;4840198
29473;S_003C_QS02200159;50,140000000000000;14,100000000000000;Václava Rabase 879;Kladno;27201;3000;glass;2019-02-09 23:10:15;;;2019-03-05 01:01:12.193000000;2019-03-05 01:01:12.680000000;4840198;4840198
29474;S_004C_QS0220012E;50,140000000000000;14,100000000000000;Václava Rabase 857;Kladno;27201;5000;communal;;;;2019-03-05 01:01:12.193000000;2019-03-05 01:01:12.680000000;4840198;4840198
29475;S_004C_QS0220012F;50,140000000000000;14,100000000000000;Václava Rabase 857;Kladno;27201;3000;glass;2019-03-20 21:26:15;;;2019-03-05 01:01:12.193000000;2019-03-05 01:01:12.680000000;4840198;4840198
29476;S_001C_QS02200180;50,130000000000000;14,120000000000000;Americká ;Kladno;27201;5000;plastic;2019-02-02 00:03:07;;;2019-03-05 01:01:12.193000000;2019-03-05 01:01:12.680000000;4840198;4840198
29477;S_001C_QS02200160;50,130000000000000;14,120000000000000;Americká ;Kladno;27201;5000;communal;;;;2019-03-05 01:01:12.193000000;2019-03-05 01:01:12.680000000;4840198;4840198
29478;S_002C_GLASS;50,130000000000000;14,120000000000000;U Tržnice ;Kladno;27201;3000;glass;2019-03-05 01:27:14;;;2019-03-05 01:01:12.193000000;2019-03-05 01:01:12.680000000;4840198;4840198
29479;S_002C_QS02200158;50,130000000000000;14,120000000000000;U Tržnice ;Kladno;27201;5000;plastic;;;;2019-03-05 01:01:12.193000000;2019-03-05 01:01:12.680000000;4840198;4840198
29480;S_002C_QS02200151;50,130000000000000;14,120000000000000;U Tržnice ;Kladno;27201;5000;paper;2019-03-05 20:40:33;;;2019-03-05 01:01:12.193000000;2019-03-05 01:01:12.680000000;4840198;4840198
29481;S_002C_QS0220015E;50,130000000000000;14,120000000000000;U Tržnice ;Kladno;27201;3000;glass;2019-03-13 00:39:21;;;2019-03-05 01:01:12.193000000;2019-03-05 01:01:12.680000000;4840198;4840198
29482;S_001C_PAPER;50,130000000000000;14,120000000000000;Americká ;Kladno;27201;5000;paper;;;;2019-03-05 01:01:12.193000000;2019-03-05 01:01:12.680000000;4840198;4840198
29483;S_004C_PLASTIC;50,140000000000000;14,100000000000000;Václava Rabase 857;Kladno;27201;5000;plastic;2019-02-04 01:39:39;;;2019-03-05 01:01:12.193000000;2019-03-05 01:01:12.680000000;4840198;4840198
29484;S_004C_QS02200148;50,140000000000000;14,100000000000000;Václava Rabase 857;Kladno;27201;5000;paper;;;;2019-03-05 01:01:12.193000000;2019-03-05 01:01:12.680000000;4840198;4840198
29485;S_001C_QS0220015A;50,130000000000000;14,120000000000000;Americká ;Kladno;27201;3000;glass;;;;2019-03-05 01:01:12.193000000;2019-03-05 01:01:12.680000000;4840198;4840198
29786;0006/ 264C00201;50,102926800000000;14,368418700000007;Na Pernikáøce 734;;16000;1500;beverage_cartons;2019-06-02 17:06:57;Bammens Belfast;2018-11-27 00:00:00;2019-02-25 15:41:32.220000000;2019-05-15 15:00:04.113000000;-2;8924021
29787;0006/ 264C00202;50,102926800000000;14,368418700000007;Na Pernikáøce 734;;16000;1500;glass_coloured;2019-05-18 04:48:52;Bammens Belfast;2018-11-27 00:00:00;2019-02-25 15:41:32.220000000;2019-05-15 15:00:04.113000000;-2;8924021
29788;0006/ 264C00203;50,102926800000000;14,368418700000007;Na Pernikáøce 734;;16000;3000;paper;2019-05-16 01:55:33;Bammens Belfast;2018-11-27 00:00:00;2019-02-25 15:41:32.220000000;2019-05-15 15:00:04.113000000;-2;8924021
29789;0006/ 264C00204;50,102926800000000;14,368418700000007;Na Pernikáøce 734;;16000;3000;plastic;2019-05-18 09:47:36;Bammens Belfast;2018-11-27 00:00:00;2019-02-25 15:41:32.220000000;2019-05-15 15:00:04.113000000;-2;8924021
29790;0010/ 263C00431;50,056300699999990;14,506926000000021;Topolová-Jabloòová 2963/12;;10000;1500;glass_coloured;2019-06-06 20:29:38;Bammens Memphis;2018-11-27 00:00:00;2019-02-25 15:41:32.220000000;2019-05-15 15:00:04.113000000;-2;8924021
29791;0010/ 263C00432;50,056300699999990;14,506926000000021;Topolová-Jabloòová 2963/12;;10000;1500;glass_white;2019-06-23 18:54:10;Bammens Memphis;2018-11-27 00:00:00;2019-02-25 15:41:32.220000000;2019-05-15 15:00:04.113000000;-2;8924021
29792;0010/ 263C00433;50,056300699999990;14,506926000000021;Topolová-Jabloòová 2963/12;;10000;3000;paper;;Bammens Memphis;;2019-02-25 15:41:32.220000000;2019-05-15 15:00:04.113000000;-2;8924021
29793;0010/ 263C00434;50,056300699999990;14,506926000000021;Topolová-Jabloòová 2963/12;;10000;3000;plastic;;Bammens Memphis;2018-11-27 00:00:00;2019-02-25 15:41:32.220000000;2019-05-15 15:00:04.113000000;-2;8924021
29794;0010/ 263C00435;50,056300699999990;14,506926000000021;Topolová-Jabloòová 2963/12;;10000;3000;beverage_cartons;;Bammens Memphis;2018-11-27 00:00:00;2019-02-25 15:41:32.220000000;2019-05-15 15:00:04.113000000;-2;8924021
29795;0010/ 263C00436;50,056300699999990;14,506926000000021;Topolová-Jabloòová 2963/12;;10000;1100;metal;2019-05-24 19:13:06;MINI H-A;2018-11-27 00:00:00;2019-02-25 15:41:32.220000000;2019-05-15 15:00:04.113000000;-2;8924021
29796;0010/ 252C00421;50,065600927270616;14,448507651713957;U Vršovického nádraží 0;;10000;1500;glass_coloured;2019-05-28 01:03:53;Schäfer/Europa-OR/GB;2018-11-27 00:00:00;2019-02-25 15:41:32.220000000;2019-05-15 15:00:04.113000000;-2;8924021
29797;0010/ 252C00422;50,065600927270616;14,448507651713957;U Vršovického nádraží 0;;10000;1500;glass_white;;Schäfer/Europa-OR/GB;2018-11-27 00:00:00;2019-02-25 15:41:32.220000000;2019-05-15 15:00:04.113000000;-2;8924021
29798;0010/ 252C00423;50,065600927270616;14,448507651713957;U Vršovického nádraží 0;;10000;1500;beverage_cartons;2019-05-17 21:00:04;Schäfer/Europa-OR/GB;2018-11-27 00:00:00;2019-02-25 15:41:32.220000000;2019-05-15 15:00:04.113000000;-2;8924021
29799;0010/ 252C00424;50,065600927270616;14,448507651713957;U Vršovického nádraží 0;;10000;1500;paper;;Schäfer/Europa-OR/GB;2018-11-27 00:00:00;2019-02-25 15:41:32.220000000;2019-05-15 15:00:04.113000000;-2;8924021
29800;0010/ 252C00425;50,065600927270616;14,448507651713957;U Vršovického nádraží 0;;10000;3000;paper;2019-05-16 18:41:38;Schäfer/Europa-OR/GB;2018-11-27 00:00:00;2019-02-25 15:41:32.220000000;2019-05-15 15:00:04.113000000;-2;8924021
29801;0010/ 252C00426;50,065600927270616;14,448507651713957;U Vršovického nádraží 0;;10000;3000;plastic;;Schäfer/Europa-OR/GB;2018-11-27 00:00:00;2019-02-25 15:41:32.220000000;2019-05-15 15:00:04.113000000;-2;8924021
29802;0010/ 268C00461;50,080358999999990;14,499456000000010;Nad Úžlabinou 708;;10000;1500;beverage_cartons;;Schäfer/Europa-OV;2018-11-27 00:00:00;2019-02-25 15:41:32.220000000;2019-05-15 15:00:04.113000000;-2;8924021
29803;0010/ 268C00462;50,080358999999990;14,499456000000010;Nad Úžlabinou 708;;10000;1500;plastic;;Schäfer/Europa-OV;2018-11-27 00:00:00;2019-02-25 15:41:32.220000000;2019-05-15 15:00:04.113000000;-2;8924021
29804;0010/ 268C00463;50,080358999999990;14,499456000000010;Nad Úžlabinou 708;;10000;3000;paper;2019-05-17 18:46:06;Schäfer/Europa-OV;;2019-02-25 15:41:32.220000000;2019-05-15 15:00:04.113000000;-2;8924021
29805;0010/ 268C00464;50,080358999999990;14,499456000000010;Nad Úžlabinou 708;;10000;3000;plastic;2019-05-20 15:15:49;Schäfer/Europa-OV;2018-11-27 00:00:00;2019-02-25 15:41:32.220000000;2019-05-15 15:00:04.113000000;-2;8924021
29806;0018/ 050C00471;50,134524199999990;14,506979000000001;Tupolevova 477;;19000;1500;glass_coloured;;Meva Top System;2018-11-27 00:00:00;2019-02-25 15:41:32.220000000;2019-05-15 15:00:04.113000000;-2;8924021
29807;0018/ 050C00472;50,134524199999990;14,506979000000001;Tupolevova 477;;19000;1500;glass_white;2019-08-03 23:42:21;Meva Top System;2018-11-27 00:00:00;2019-02-25 15:41:32.220000000;2019-05-15 15:00:04.113000000;-2;8924021
29808;0018/ 050C00473;50,134524199999990;14,506979000000001;Tupolevova 477;;19000;3000;paper;2019-05-17 19:22:48;Meva Top System;2018-11-27 00:00:00;2019-02-25 15:41:32.220000000;2019-05-15 15:00:04.113000000;-2;8924021
29809;0018/ 050C00474;50,134524199999990;14,506979000000001;Tupolevova 477;;19000;3000;plastic;2019-05-24 01:27:04;Meva Top System;2018-11-27 00:00:00;2019-02-25 15:41:32.220000000;2019-05-15 15:00:04.113000000;-2;8924021
29820;0006/ 263C00233;50,102954700000000;14,401978299999996;Puškinovo námìstí 692;;16000;3000;paper;2019-05-18 11:02:09;Bammens Belfast;2018-11-27 00:00:00;2019-02-25 15:41:32.220000000;2019-05-15 15:00:04.113000000;-2;8924021
29821;0006/ 263C00234;50,102954700000000;14,401978299999996;Puškinovo námìstí 692;;16000;3000;plastic;2019-05-17 02:02:46;Bammens Belfast;2018-11-27 00:00:00;2019-02-25 15:41:32.220000000;2019-05-15 15:00:04.113000000;-2;8924021
29822;0006/ 263C00232;50,102954700000000;14,401978299999996;Puškinovo námìstí 692;;16000;1500;glass_coloured;2019-05-19 12:32:15;Bammens Belfast;2018-11-27 00:00:00;2019-02-25 15:41:32.220000000;2019-05-15 15:00:04.113000000;-2;8924021
29823;0006/ 263C00231;50,102954700000000;14,401978299999996;Puškinovo námìstí 692;;16000;3000;glass_white;2019-05-21 03:56:48;Bammens Belfast;;2019-02-25 15:41:32.220000000;2019-05-15 15:00:04.113000000;-2;8924021
29824;0009/ 003C00261;50,123011800000000;14,485930199999984;Litvínovská 288;;19000;1500;beverage_cartons;2019-06-26 15:47:15;Bammens Belfast;2018-11-27 00:00:00;2019-02-25 15:41:32.220000000;2019-05-15 15:00:04.113000000;-2;8924021
29825;0009/ 003C00262;50,123011800000000;14,485930199999984;Litvínovská 288;;19000;1500;glass_coloured;2019-07-05 11:23:15;Bammens Belfast;2018-11-27 00:00:00;2019-02-25 15:41:32.220000000;2019-05-15 15:00:04.113000000;-2;8924021
29826;0009/ 003C00263;50,123011800000000;14,485930199999984;Litvínovská 288;;19000;3000;paper;2019-05-16 07:12:37;Bammens Belfast;2018-11-27 00:00:00;2019-02-25 15:41:32.220000000;2019-05-15 15:00:04.113000000;-2;8924021
29827;0009/ 003C00264;50,123011800000000;14,485930199999984;Litvínovská 288;;19000;3000;plastic;2019-05-18 12:08:02;Bammens Belfast;2018-11-27 00:00:00;2019-02-25 15:41:32.220000000;2019-05-15 15:00:04.113000000;-2;8924021
29828;0009/ 003C00266;50,123011800000000;14,485930199999984;Litvínovská 288;;19000;1500;glass_white;2019-06-22 16:08:19;Bammens Belfast;2018-11-27 00:00:00;2019-02-25 15:41:32.220000000;2019-05-15 15:00:04.113000000;-2;8924021
29829;0009/ 153C00301;50,117146299999990;14,507365400000026;Klíèovská 293;;19000;1100;metal;2019-06-05 16:22:04;MINI H-A;2018-11-27 00:00:00;2019-02-25 15:41:32.220000000;2019-05-15 15:00:04.113000000;-2;8924021
29830;0010/ 265C00451;50,070115800000000;14,451140099999975;Moskevská 1403;;10000;1500;beverage_cartons;;Bammens Memphis;2018-11-27 00:00:00;2019-02-25 15:41:32.220000000;2019-05-15 15:00:04.113000000;-2;8924021
29831;0010/ 265C00452;50,070115800000000;14,451140099999975;Moskevská 1403;;10000;1500;glass_coloured;2019-05-24 16:02:41;Bammens Memphis;2018-11-27 00:00:00;2019-02-25 15:41:32.220000000;2019-05-15 15:00:04.113000000;-2;8924021
29832;0010/ 265C00453;50,070115800000000;14,451140099999975;Moskevská 1403;;10000;1500;glass_white;2019-05-20 12:34:20;Bammens Memphis;2018-11-27 00:00:00;2019-02-25 15:41:32.220000000;2019-05-15 15:00:04.113000000;-2;8924021
29833;0010/ 265C00454;50,070115800000000;14,451140099999975;Moskevská 1403;;10000;1500;plastic;2019-05-26 11:44:28;Bammens Memphis;2018-11-27 00:00:00;2019-02-25 15:41:32.220000000;2019-05-15 15:00:04.113000000;-2;8924021
29834;0010/ 265C00455;50,070115800000000;14,451140099999975;Moskevská 1403;;10000;3000;plastic;;Bammens Memphis;2018-11-27 00:00:00;2019-02-25 15:41:32.220000000;2019-05-15 15:00:04.113000000;-2;8924021
29835;0010/ 265C00456;50,070115800000000;14,451140099999975;Moskevská 1403;;10000;3000;paper;;Bammens Memphis;2018-11-27 00:00:00;2019-02-25 15:41:32.220000000;2019-05-15 15:00:04.113000000;-2;8924021
29860;0009/ 153C00302;50,117146299999990;14,507365400000026;Klíèovská 293;;19000;3000;paper;;Bammens Memphis;2019-01-13 00:00:00;2019-02-25 15:41:32.220000000;2019-05-15 15:00:04.113000000;-2;8924021
29861;0009/ 153C00303;50,117146299999990;14,507365400000026;Klíèovská 293;;19000;3000;beverage_cartons;2019-06-09 16:30:49;Bammens Memphis;2019-01-13 00:00:00;2019-02-25 15:41:32.220000000;2019-05-15 15:00:04.113000000;-2;8924021
29862;0009/ 153C00304;50,117146299999990;14,507365400000026;Klíèovská 293;;19000;3000;plastic;2019-05-16 20:09:29;Bammens Memphis;2019-01-13 00:00:00;2019-02-25 15:41:32.220000000;2019-05-15 15:00:04.113000000;-2;8924021
29863;0009/ 153C00305;50,117146299999990;14,507365400000026;Klíèovská 293;;19000;1500;glass_white;2019-06-03 00:05:09;Bammens Memphis;2019-01-13 00:00:00;2019-02-25 15:41:32.220000000;2019-05-15 15:00:04.113000000;-2;8924021
29864;0009/ 153C00306;50,117146299999990;14,507365400000026;Klíèovská 293;;19000;1500;glass_coloured;2019-05-22 03:54:32;Bammens Memphis;2019-01-13 00:00:00;2019-02-25 15:41:32.220000000;2019-05-15 15:00:04.113000000;-2;8924021
29866;0001/ 032C00011;50,088838746195960;14,410216435817347;Cihelná 548;;11000;3000;plastic;;Schäfer/Europa-OV;2018-12-18 00:00:00;2019-02-25 15:41:32.220000000;2019-05-15 15:00:04.113000000;-2;8924021
29867;0001/ 032C00012;50,088838746195960;14,410216435817347;Cihelná 548;;11000;3000;paper;;Schäfer/Europa-OV;2018-12-18 00:00:00;2019-02-25 15:41:32.220000000;2019-05-15 15:00:04.113000000;-2;8924021
29868;0001/ 260C00161;50,089247699999990;14,346297999999933;Èílova 281;TEST;16000;4000;paper;;Bammens Memphis;2018-12-18 00:00:00;2019-02-25 15:41:32.220000000;2019-05-15 15:00:04.113000000;-2;8924021
29869;0001/ 260C00162;50,089247699999990;14,346297999999933;Èílova 281;TEST;16000;4000;plastic;;Bammens Memphis;2018-12-18 00:00:00;2019-02-25 15:41:32.220000000;2019-05-15 15:00:04.113000000;-2;8924021
29870;0001/ 260C00163;50,089247699999990;14,346297999999933;Èílova 281;TEST;16000;1500;paper;2019-05-21 14:16:01;Bammens Memphis;2018-12-18 00:00:00;2019-02-25 15:41:32.220000000;2019-05-15 15:00:04.113000000;-2;8924021
29871;0001/ 260C00164;50,089247699999990;14,346297999999933;Èílova 281;TEST;16000;1500;beverage_cartons;;Bammens Memphis;2018-12-18 00:00:00;2019-02-25 15:41:32.220000000;2019-05-15 15:00:04.113000000;-2;8924021
29872;0001/ 260C00165;50,089247699999990;14,346297999999933;Èílova 281;TEST;16000;1500;glass_coloured;;Bammens Memphis;2018-12-18 00:00:00;2019-02-25 15:41:32.220000000;2019-05-15 15:00:04.113000000;-2;8924021
29873;0001/ 260C00166;50,089247699999990;14,346297999999933;Èílova 281;TEST;16000;1500;glass_white;;Bammens Memphis;2018-12-18 00:00:00;2019-02-25 15:41:32.220000000;2019-05-15 15:00:04.113000000;-2;8924021
29874;0006/ 012C00171;50,108561700000000;14,393209100000036;Èínská 1563;;16000;1500;glass_white;2019-06-19 10:47:21;Schäfer/Europa-OR/GB;2018-12-05 00:00:00;2019-02-25 15:41:32.220000000;2019-05-15 15:00:04.113000000;-2;8924021
29875;0006/ 012C00172;50,108561700000000;14,393209100000036;Èínská 1563;;16000;3000;paper;2019-05-17 03:31:44;Schäfer/Europa-OR/GB;2018-12-05 00:00:00;2019-02-25 15:41:32.220000000;2019-05-15 15:00:04.113000000;-2;8924021
29876;0006/ 012C00173;50,108561700000000;14,393209100000036;Èínská 1563;;16000;3000;plastic;2019-05-17 07:54:56;Schäfer/Europa-OR/GB;2018-12-05 00:00:00;2019-02-25 15:41:32.220000000;2019-05-15 15:00:04.113000000;-2;8924021
29877;0006/ 012C00174;50,108561700000000;14,393209100000036;Èínská 1563;;16000;1500;glass_coloured;2019-05-28 08:36:12;Schäfer/Europa-OR/GB;2018-12-05 00:00:00;2019-02-25 15:41:32.220000000;2019-05-15 15:00:04.113000000;-2;8924021
29878;0006/ 001C00181;50,098667500000000;14,399521899999968;Dejvická 396;;16000;3000;paper;2019-05-17 18:14:24;Schäfer/Europa-OR/GB;2018-12-05 00:00:00;2019-02-25 15:41:32.220000000;2019-05-15 15:00:04.113000000;-2;8924021
29879;0006/ 001C00182;50,098667500000000;14,399521899999968;Dejvická 396;;16000;3000;plastic;2019-05-17 09:06:53;Schäfer/Europa-OR/GB;2018-12-05 00:00:00;2019-02-25 15:41:32.220000000;2019-05-15 15:00:04.113000000;-2;8924021
29880;0006/ 001C00183;50,098667500000000;14,399521899999968;Dejvická 396;;16000;1500;glass_white;2019-06-04 19:22:31;Schäfer/Europa-OR/GB;2018-12-05 00:00:00;2019-02-25 15:41:32.220000000;2019-05-15 15:00:04.113000000;-2;8924021
29881;0006/ 001C00184;50,098667500000000;14,399521899999968;Dejvická 396;;16000;1500;glass_coloured;2019-05-25 23:02:06;Schäfer/Europa-OR/GB;2018-12-05 00:00:00;2019-02-25 15:41:32.220000000;2019-05-15 15:00:04.113000000;-2;8924021
29882;0001/ 039C00021;50,090377800000000;14,423075100000005;Haštalská 748;;11000;3000;paper;;Schäfer/Europa-OV;2018-12-18 00:00:00;2019-02-25 15:41:32.220000000;2019-05-15 15:00:04.113000000;-2;8924021
29883;0001/ 039C00022;50,090377800000000;14,423075100000005;Haštalská 748;;11000;3000;plastic;;Schäfer/Europa-OV;2018-12-18 00:00:00;2019-02-25 15:41:32.220000000;2019-05-15 15:00:04.113000000;-2;8924021
29884;0001/ 039C00023;50,090377800000000;14,423075100000005;Haštalská 748;;11000;1500;beverage_cartons;2019-05-23 16:19:12;Schäfer/Europa-OV;2018-12-18 00:00:00;2019-02-25 15:41:32.220000000;2019-05-15 15:00:04.113000000;-2;8924021
29885;0001/ 039C00024;50,090377800000000;14,423075100000005;Haštalská 748;;11000;1500;metal;2019-05-20 17:41:16;Schäfer/Europa-OV;2018-12-18 00:00:00;2019-02-25 15:41:32.220000000;2019-05-15 15:00:04.113000000;-2;8924021
29886;0001/ 040C00031;50,092053284800780;14,429968223003020;Klimentská 1236;;11000;1500;metal;2019-05-17 20:24:40;Schäfer/Europa-OV;2018-12-18 00:00:00;2019-02-25 15:41:32.220000000;2019-05-15 15:00:04.113000000;-2;8924021
29887;0001/ 040C00032;50,092053284800780;14,429968223003020;Klimentská 1236;;11000;3000;paper;;Schäfer/Europa-OV;2018-12-18 00:00:00;2019-02-25 15:41:32.220000000;2019-05-15 15:00:04.113000000;-2;8924021
29888;0001/ 040C00033;50,092053284800780;14,429968223003020;Klimentská 1236;;11000;3000;plastic;2019-05-21 18:25:02;Schäfer/Europa-OV;2018-12-18 00:00:00;2019-02-25 15:41:32.220000000;2019-05-15 15:00:04.113000000;-2;8924021
29889;0001/ 040C00034;50,092053284800780;14,429968223003020;Klimentská 1236;;11000;1500;beverage_cartons;2019-05-15 21:59:03;Schäfer/Europa-OV;2018-12-18 00:00:00;2019-02-25 15:41:32.220000000;2019-05-15 15:00:04.113000000;-2;8924021
29890;0006/ 261C00191;50,104472700000000;14,395749099999989;Lotyšská 646;;16000;1500;glass_coloured;;Bammens Memphis;2018-12-18 00:00:00;2019-02-25 15:41:32.220000000;2019-05-15 15:00:04.113000000;-2;8924021
29891;0006/ 261C00192;50,104472700000000;14,395749099999989;Lotyšská 646;;16000;1500;paper;2019-05-25 02:55:13;Bammens Memphis;2018-12-18 00:00:00;2019-02-25 15:41:32.220000000;2019-05-15 15:00:04.113000000;-2;8924021
29892;0006/ 261C00193;50,104472700000000;14,395749099999989;Lotyšská 646;;16000;1500;beverage_cartons;2019-05-19 06:32:21;Bammens Memphis;2018-12-18 00:00:00;2019-02-25 15:41:32.220000000;2019-05-15 15:00:04.113000000;-2;8924021
29893;0006/ 261C00194;50,104472700000000;14,395749099999989;Lotyšská 646;;16000;1500;glass_white;;Bammens Memphis;2018-12-18 00:00:00;2019-02-25 15:41:32.220000000;2019-05-15 15:00:04.113000000;-2;8924021
29894;0006/ 261C00195;50,104472700000000;14,395749099999989;Lotyšská 646;;16000;4000;paper;2019-05-16 04:47:55;Bammens Memphis;2018-12-18 00:00:00;2019-02-25 15:41:32.220000000;2019-05-15 15:00:04.113000000;-2;8924021
29895;0006/ 261C00196;50,104472700000000;14,395749099999989;Lotyšská 646;;16000;4000;plastic;2019-05-18 04:16:34;Bammens Memphis;2018-12-18 00:00:00;2019-02-25 15:41:32.220000000;2019-05-15 15:00:04.113000000;-2;8924021
29896;0001/ 038C00041;50,088937800000000;14,424032000000011;Masná 1053;;11000;3000;plastic;;Schäfer/Europa-OV;2018-12-18 00:00:00;2019-02-25 15:41:32.220000000;2019-05-15 15:00:04.113000000;-2;8924021
29897;0001/ 038C00042;50,088937800000000;14,424032000000011;Masná 1053;;11000;3000;paper;;Schäfer/Europa-OV;2018-12-18 00:00:00;2019-02-25 15:41:32.220000000;2019-05-15 15:00:04.113000000;-2;8924021
29898;0001/ 038C00043;50,088937800000000;14,424032000000011;Masná 1053;;11000;1500;beverage_cartons;2019-05-20 15:25:55;Schäfer/Europa-OV;2018-12-18 00:00:00;2019-02-25 15:41:32.220000000;2019-05-15 15:00:04.113000000;-2;8924021
29899;0001/ 038C00044;50,088937800000000;14,424032000000011;Masná 1053;;11000;1500;metal;;Schäfer/Europa-OV;2018-12-18 00:00:00;2019-02-25 15:41:32.220000000;2019-05-15 15:00:04.113000000;-2;8924021
29900;0005/ 003C00131;50,073922700000000;14,406680400000027;námìstí 14. øíjna 83;;15000;3000;plastic;2019-05-17 16:03:44;Schäfer/Europa-OR/GB;2018-12-05 00:00:00;2019-02-25 15:41:32.220000000;2019-05-15 15:00:04.113000000;-2;8924021
29901;0005/ 003C00132;50,073922700000000;14,406680400000027;námìstí 14. øíjna 83;;15000;1500;glass_white;2019-12-23 06:00:44;Schäfer/Europa-OR/GB;2018-12-05 00:00:00;2019-02-25 15:41:32.220000000;2019-05-15 15:00:04.113000000;-2;8924021
29902;0005/ 003C00133;50,073922700000000;14,406680400000027;námìstí 14. øíjna 83;;15000;1500;glass_coloured;2019-05-23 19:18:02;Schäfer/Europa-OR/GB;2018-12-05 00:00:00;2019-02-25 15:41:32.220000000;2019-05-15 15:00:04.113000000;-2;8924021
29903;0005/ 003C00134;50,073922700000000;14,406680400000027;námìstí 14. øíjna 83;;15000;3000;paper;2019-05-17 21:08:56;Schäfer/Europa-OR/GB;2018-12-05 00:00:00;2019-02-25 15:41:32.220000000;2019-05-15 15:00:04.113000000;-2;8924021
29904;0006/ 016C00211;50,100998200000000;14,398099799999954;Národní obrany 714;;16000;3000;paper;2019-05-16 19:07:14;Schäfer/Europa-OR/GB;2018-12-05 00:00:00;2019-02-25 15:41:32.220000000;2019-05-15 15:00:04.113000000;-2;8924021
29905;0006/ 016C00212;50,100998200000000;14,398099799999954;Národní obrany 714;;16000;3000;plastic;2019-05-17 11:21:50;Schäfer/Europa-OR/GB;2018-12-05 00:00:00;2019-02-25 15:41:32.220000000;2019-05-15 15:00:04.113000000;-2;8924021
29906;0006/ 016C00213;50,100998200000000;14,398099799999954;Národní obrany 714;;16000;1500;glass_coloured;2019-05-27 11:17:29;Schäfer/Europa-OR/GB;2018-12-05 00:00:00;2019-02-25 15:41:32.220000000;2019-05-15 15:00:04.113000000;-2;8924021
29907;0006/ 016C00214;50,100998200000000;14,398099799999954;Národní obrany 714;;16000;1500;glass_white;2019-06-07 20:51:30;Schäfer/Europa-OR/GB;2018-12-05 00:00:00;2019-02-25 15:41:32.220000000;2019-05-15 15:00:04.113000000;-2;8924021
29908;0007/ 055C00401;50,108311000000000;14,450595399999997;Ortenovo námìstí 1310;;17000;3000;paper;2019-05-17 15:46:32;Schäfer/Europa-OV;2018-12-18 00:00:00;2019-02-25 15:41:32.220000000;2019-05-15 15:00:04.113000000;-2;8924021
29909;0007/ 055C00402;50,108311000000000;14,450595399999997;Ortenovo námìstí 1310;;17000;3000;plastic;2019-05-18 23:54:14;Schäfer/Europa-OV;2018-12-18 00:00:00;2019-02-25 15:41:32.220000000;2019-05-15 15:00:04.113000000;-2;8924021
29910;0007/ 067C00403;50,106929906366850;14,443819150355925;Ortenovo námìstí 890/2;;17000;3000;paper;2019-05-18 22:58:37;Schäfer/Europa-OV;2018-12-18 00:00:00;2019-02-25 15:41:32.220000000;2019-05-15 15:00:04.113000000;-2;8924021
29911;0007/ 067C00404;50,106929906366850;14,443819150355925;Ortenovo námìstí 890/2;;17000;3000;plastic;2019-05-21 18:06:02;Schäfer/Europa-OV;2018-12-18 00:00:00;2019-02-25 15:41:32.220000000;2019-05-15 15:00:04.113000000;-2;8924021
29912;0001/ 027C00051;50,080538999999990;14,414671699999985;Ostrovní 2064;;11000;3000;plastic;2019-05-15 15:04:18;Schäfer/Europa-OV;2018-12-18 00:00:00;2019-02-25 15:41:32.220000000;2019-05-15 15:00:04.113000000;-2;8924021
29913;0001/ 027C00052;50,080538999999990;14,414671699999985;Ostrovní 2064;;11000;3000;paper;2019-05-16 16:51:00;Schäfer/Europa-OV;2018-12-18 00:00:00;2019-02-25 15:41:32.220000000;2019-05-15 15:00:04.113000000;-2;8924021
29914;0001/ 013C00061;50,091494900000000;14,432316200000060;Petrské námìstí 1206;;11000;3000;paper;2019-05-16 13:48:20;Schäfer/Europa-OR/GB;2018-12-05 00:00:00;2019-02-25 15:41:32.220000000;2019-05-15 15:00:04.113000000;-2;8924021
29915;0001/ 013C00062;50,091494900000000;14,432316200000060;Petrské námìstí 1206;;11000;3000;paper;2019-05-16 06:51:39;Schäfer/Europa-OR/GB;2018-12-05 00:00:00;2019-02-25 15:41:32.220000000;2019-05-15 15:00:04.113000000;-2;8924021
29916;0001/ 013C00063;50,091494900000000;14,432316200000060;Petrské námìstí 1206;;11000;3000;plastic;2019-05-16 20:59:41;Schäfer/Europa-OR/GB;2018-12-05 00:00:00;2019-02-25 15:41:32.220000000;2019-05-15 15:00:04.113000000;-2;8924021
29917;0001/ 013C00064;50,091494900000000;14,432316200000060;Petrské námìstí 1206;;11000;3000;glass_coloured;2019-05-20 04:51:38;Schäfer/Europa-OR/GB;2018-12-05 00:00:00;2019-02-25 15:41:32.220000000;2019-05-15 15:00:04.113000000;-2;8924021
29918;0001/ 013C00065;50,091494900000000;14,432316200000060;Petrské námìstí 1206;;11000;3000;glass_white;2019-06-20 02:05:45;Schäfer/Europa-OR/GB;2018-12-05 00:00:00;2019-02-25 15:41:32.220000000;2019-05-15 15:00:04.113000000;-2;8924021
29919;0001/ 037C00071;50,087641400000000;14,418782899999997;Platnéøská 16;;11000;3000;paper;;Schäfer/Europa-OV;2018-12-18 00:00:00;2019-02-25 15:41:32.220000000;2019-05-15 15:00:04.113000000;-2;8924021
29920;0001/ 037C00072;50,087641400000000;14,418782899999997;Platnéøská 16;;11000;3000;plastic;2019-05-17 00:26:11;Schäfer/Europa-OV;2018-12-18 00:00:00;2019-02-25 15:41:32.220000000;2019-05-15 15:00:04.113000000;-2;8924021
29921;0006/ 259C00221;50,098491000000000;14,405363899999998;Pod kaštany 177;;16000;1500;glass_coloured;;Bammens Memphis;2018-12-18 00:00:00;2019-02-25 15:41:32.220000000;2019-05-15 15:00:04.113000000;-2;8924021
29922;0006/ 259C00222;50,098491000000000;14,405363899999998;Pod kaštany 177;;16000;1500;glass_white;;Bammens Memphis;2018-12-18 00:00:00;2019-02-25 15:41:32.220000000;2019-05-15 15:00:04.113000000;-2;8924021
29923;0006/ 259C00223;50,098491000000000;14,405363899999998;Pod kaštany 177;;16000;3000;beverage_cartons;;Bammens Memphis;2018-12-18 00:00:00;2019-02-25 15:41:32.220000000;2019-05-15 15:00:04.113000000;-2;8924021
29924;0006/ 259C00224;50,098491000000000;14,405363899999998;Pod kaštany 177;;16000;3000;paper;2019-05-16 06:48:33;Bammens Memphis;2018-12-18 00:00:00;2019-02-25 15:41:32.220000000;2019-05-15 15:00:04.113000000;-2;8924021
29925;0006/ 259C00225;50,098491000000000;14,405363899999998;Pod kaštany 177;;16000;3000;plastic;;Bammens Memphis;2018-12-18 00:00:00;2019-02-25 15:41:32.220000000;2019-05-15 15:00:04.113000000;-2;8924021
29926;0006/ 262C00241;50,103359200000000;14,396752399999968;Rooseveltova 615;;16000;1500;glass_white;;Bammens Memphis;2018-12-18 00:00:00;2019-02-25 15:41:32.220000000;2019-05-15 15:00:04.113000000;-2;8924021
29927;0006/ 262C00242;50,103359200000000;14,396752399999968;Rooseveltova 615;;16000;4000;paper;;Bammens Memphis;2018-12-18 00:00:00;2019-02-25 15:41:32.220000000;2019-05-15 15:00:04.113000000;-2;8924021
29928;0006/ 262C00243;50,103359200000000;14,396752399999968;Rooseveltova 615;;16000;4000;plastic;2019-05-17 15:25:10;Bammens Memphis;2018-12-18 00:00:00;2019-02-25 15:41:32.220000000;2019-05-15 15:00:04.113000000;-2;8924021
29929;0006/ 262C00244;50,103359200000000;14,396752399999968;Rooseveltova 615;;16000;1500;paper;2019-05-25 01:44:14;Bammens Memphis;2018-12-18 00:00:00;2019-02-25 15:41:32.220000000;2019-05-15 15:00:04.113000000;-2;8924021
29930;0006/ 262C00245;50,103359200000000;14,396752399999968;Rooseveltova 615;;16000;1500;beverage_cartons;;Bammens Memphis;2018-12-18 00:00:00;2019-02-25 15:41:32.220000000;2019-05-15 15:00:04.113000000;-2;8924021
29931;0006/ 262C00246;50,103359200000000;14,396752399999968;Rooseveltova 615;;16000;1500;glass_coloured;;Bammens Memphis;2018-12-18 00:00:00;2019-02-25 15:41:32.220000000;2019-05-15 15:00:04.113000000;-2;8924021
29932;0001/ 009C00081;50,084089500000000;14,421986899999979;Rytíøská 406;;11000;3000;paper;;Schäfer/Europa-OV;2018-12-18 00:00:00;2019-02-25 15:41:32.220000000;2019-05-15 15:00:04.113000000;-2;8924021
29933;0001/ 009C00082;50,084089500000000;14,421986899999979;Rytíøská 406;;11000;3000;plastic;2019-05-19 12:59:02;Schäfer/Europa-OV;2018-12-18 00:00:00;2019-02-25 15:41:32.220000000;2019-05-15 15:00:04.113000000;-2;8924021
29934;0007/ 022C00411;50,100962700000000;14,435725199999979;Øezáèovo námìstí 1256;;17000;1500;glass_white;;Schäfer/Europa-OR/GB;2018-12-05 00:00:00;2019-02-25 15:41:32.220000000;2019-05-15 15:00:04.113000000;-2;8924021
29935;0007/ 022C00412;50,100962700000000;14,435725199999979;Øezáèovo námìstí 1256;;17000;1500;glass_coloured;;Schäfer/Europa-OR/GB;2018-12-05 00:00:00;2019-02-25 15:41:32.220000000;2019-05-15 15:00:04.113000000;-2;8924021
29936;0007/ 022C00413;50,100962700000000;14,435725199999979;Øezáèovo námìstí 1256;;17000;3000;paper;2019-05-16 13:54:22;Schäfer/Europa-OR/GB;2018-12-05 00:00:00;2019-02-25 15:41:32.220000000;2019-05-15 15:00:04.113000000;-2;8924021
29937;0007/ 022C00414;50,100962700000000;14,435725199999979;Øezáèovo námìstí 1256;;17000;3000;plastic;2019-05-16 19:08:31;Schäfer/Europa-OR/GB;2018-12-05 00:00:00;2019-02-25 15:41:32.220000000;2019-05-15 15:00:04.113000000;-2;8924021
29938;0006/ 258C00251;50,105861800000010;14,392540400000030;Stavitelská 1097;;16000;1500;glass_white;2019-05-19 16:57:56;Bammens Memphis;2018-12-18 00:00:00;2019-02-25 15:41:32.220000000;2019-05-15 15:00:04.113000000;-2;8924021
29939;0006/ 258C00252;50,105861800000010;14,392540400000030;Stavitelská 1097;;16000;3000;paper;2019-05-18 00:30:07;Bammens Memphis;2018-12-18 00:00:00;2019-02-25 15:41:32.220000000;2019-05-15 15:00:04.113000000;-2;8924021
29940;0006/ 258C00253;50,105861800000010;14,392540400000030;Stavitelská 1097;;16000;3000;plastic;2019-05-17 18:15:57;Bammens Memphis;2018-12-18 00:00:00;2019-02-25 15:41:32.220000000;2019-05-15 15:00:04.113000000;-2;8924021
29941;0006/ 258C00254;50,105861800000010;14,392540400000030;Stavitelská 1097;;16000;3000;beverage_cartons;2019-05-24 23:02:39;Bammens Memphis;2018-12-18 00:00:00;2019-02-25 15:41:32.220000000;2019-05-15 15:00:04.113000000;-2;8924021
29942;0006/ 258C00255;50,105861800000010;14,392540400000030;Stavitelská 1097;;16000;1500;glass_coloured;2019-05-20 03:34:50;Bammens Memphis;2018-12-18 00:00:00;2019-02-25 15:41:32.220000000;2019-05-15 15:00:04.113000000;-2;8924021
29943;0005/ 218C00141;50,034162900000000;14,377057599999944;Tilleho námìstí 787;;15000;3000;plastic;2019-05-20 14:23:19;Schäfer/Europa-OR/GB;2018-12-05 00:00:00;2019-02-25 15:41:32.220000000;2019-05-15 15:00:04.113000000;-2;8924021
29944;0005/ 218C00142;50,034162900000000;14,377057599999944;Tilleho námìstí 787;;15000;1500;glass_white;2019-10-08 01:16:12;Schäfer/Europa-OR/GB;2018-12-05 00:00:00;2019-02-25 15:41:32.220000000;2019-05-15 15:00:04.113000000;-2;8924021
29945;0005/ 218C00143;50,034162900000000;14,377057599999944;Tilleho námìstí 787;;15000;1500;glass_coloured;2019-06-14 23:39:50;Schäfer/Europa-OR/GB;2018-12-05 00:00:00;2019-02-25 15:41:32.220000000;2019-05-15 15:00:04.113000000;-2;8924021
29946;0005/ 218C00144;50,034162900000000;14,377057599999944;Tilleho námìstí 787;;15000;3000;paper;2019-05-17 11:18:04;Schäfer/Europa-OR/GB;2018-12-05 00:00:00;2019-02-25 15:41:32.220000000;2019-05-15 15:00:04.113000000;-2;8924021
29947;0005/ 025C00151;50,080699200000000;14,404110800000012;Újezd 415;;15000;3000;paper;;Schäfer/Europa-OR/GB;2018-12-05 00:00:00;2019-02-25 15:41:32.220000000;2019-05-15 15:00:04.113000000;-2;8924021
29948;0005/ 025C00152;50,080699200000000;14,404110800000012;Újezd 415;;15000;3000;paper;;Schäfer/Europa-OR/GB;2018-12-05 00:00:00;2019-02-25 15:41:32.220000000;2019-05-15 15:00:04.113000000;-2;8924021
29949;0005/ 025C00153;50,080699200000000;14,404110800000012;Újezd 415;;15000;3000;plastic;2019-05-17 10:14:02;Schäfer/Europa-OR/GB;2018-12-05 00:00:00;2019-02-25 15:41:32.220000000;2019-05-15 15:00:04.113000000;-2;8924021
29950;0005/ 025C00154;50,080699200000000;14,404110800000012;Újezd 415;;15000;1500;glass_coloured;2019-05-20 12:27:19;Schäfer/Europa-OR/GB;2018-12-05 00:00:00;2019-02-25 15:41:32.220000000;2019-05-15 15:00:04.113000000;-2;8924021
29951;0005/ 025C00155;50,080699200000000;14,404110800000012;Újezd 415;;15000;1500;glass_white;2019-05-24 00:06:29;Schäfer/Europa-OR/GB;2018-12-05 00:00:00;2019-02-25 15:41:32.220000000;2019-05-15 15:00:04.113000000;-2;8924021
29952;0001/ 022C00091;50,081970600000000;14,426015099999972;Václavské námìstí 792;;11000;3000;paper;2019-05-16 02:56:12;Schäfer/Europa-OV;2018-12-18 00:00:00;2019-02-25 15:41:32.220000000;2019-05-15 15:00:04.113000000;-2;8924021
29953;0001/ 022C00092;50,081970600000000;14,426015099999972;Václavské námìstí 792;;11000;3000;plastic;;Schäfer/Europa-OV;2018-12-18 00:00:00;2019-02-25 15:41:32.220000000;2019-05-15 15:00:04.113000000;-2;8924021
29954;0001/ 001C00101;50,087441400000000;14,416664099999934;Valentinská 1;;11000;3000;paper;;Schäfer/Europa-OV;2018-12-18 00:00:00;2019-02-25 15:41:32.220000000;2019-05-15 15:00:04.113000000;-2;8924021
29955;0001/ 001C00102;50,087441400000000;14,416664099999934;Valentinská 1;;11000;3000;plastic;2019-05-15 01:57:05;Schäfer/Europa-OV;2018-12-18 00:00:00;2019-02-25 15:41:32.220000000;2019-05-15 15:00:04.113000000;-2;8924021
29956;0001/ 003C00111;50,081525100000000;14,407460700000001;Vítìzná 559;;11000;3000;paper;;Schäfer/Europa-OV;2018-12-18 00:00:00;2019-02-25 15:41:32.220000000;2019-05-15 15:00:04.113000000;-2;8924021
29957;0001/ 003C00112;50,081525100000000;14,407460700000001;Vítìzná 559;;11000;1500;metal;2019-05-29 15:58:52;Schäfer/Europa-OV;2018-12-18 00:00:00;2019-02-25 15:41:32.220000000;2019-05-15 15:00:04.113000000;-2;8924021
29958;0001/ 003C00113;50,081525100000000;14,407460700000001;Vítìzná 559;;11000;3000;plastic;2019-05-20 12:19:26;Schäfer/Europa-OV;2018-12-18 00:00:00;2019-02-25 15:41:32.220000000;2019-05-15 15:00:04.113000000;-2;8924021
29959;0001/ 003C00114;50,081525100000000;14,407460700000001;Vítìzná 559;;11000;1500;beverage_cartons;2019-05-24 15:27:12;Schäfer/Europa-OV;2018-12-18 00:00:00;2019-02-25 15:41:32.220000000;2019-05-15 15:00:04.113000000;-2;8924021
29960;0001/ 020C00121;50,079642300000000;14,423311399999989;Vodièkova 683;;11000;3000;plastic;;Schäfer/Europa-OV;2018-12-18 00:00:00;2019-02-25 15:41:32.220000000;2019-05-15 15:00:04.113000000;-2;8924021
29961;0001/ 020C00122;50,079642300000000;14,423311399999989;Vodièkova 683;;11000;3000;paper;2019-05-18 03:22:33;Schäfer/Europa-OV;2018-12-18 00:00:00;2019-02-25 15:41:32.220000000;2019-05-15 15:00:04.113000000;-2;8924021
29962;0009/ 148C00271;50,107060999999990;14,488425099999972;Sokolovská u Gongu 972/195;;19000;3000;paper;;Bammens Memphis;2019-01-13 00:00:00;2019-02-25 15:41:32.220000000;2019-05-15 15:00:04.113000000;-2;8924021
29963;0009/ 148C00272;50,107060999999990;14,488425099999972;Sokolovská u Gongu 972/195;;19000;3000;plastic;;Bammens Memphis;2019-01-13 00:00:00;2019-02-25 15:41:32.220000000;2019-05-15 15:00:04.113000000;-2;8924021
29964;0009/ 148C00273;50,107060999999990;14,488425099999972;Sokolovská u Gongu 972/195;;19000;1500;glass_coloured;2019-05-21 03:36:44;Bammens Memphis;2019-01-13 00:00:00;2019-02-25 15:41:32.220000000;2019-05-15 15:00:04.113000000;-2;8924021
29965;0009/ 148C00274;50,107060999999990;14,488425099999972;Sokolovská u Gongu 972/195;;19000;1500;glass_white;2019-05-28 05:26:30;Bammens Memphis;2019-01-13 00:00:00;2019-02-25 15:41:32.220000000;2019-05-15 15:00:04.113000000;-2;8924021
29966;0009/ 148C00275;50,107060999999990;14,488425099999972;Sokolovská u Gongu 972/195;;19000;3000;beverage_cartons;2019-06-22 18:36:42;Bammens Memphis;2019-01-13 00:00:00;2019-02-25 15:41:32.220000000;2019-05-15 15:00:04.113000000;-2;8924021
29967;0009/ 151C00281;50,110978900000000;14,489127199999984;Podvinný mlýn 2347;;19000;3000;beverage_cartons;;Bammens Memphis;2019-01-13 00:00:00;2019-02-25 15:41:32.220000000;2019-05-15 15:00:04.113000000;-2;8924021
29968;0009/ 151C00282;50,110978900000000;14,489127199999984;Podvinný mlýn 2347;;19000;3000;paper;;Bammens Memphis;2019-01-13 00:00:00;2019-02-25 15:41:32.220000000;2019-05-15 15:00:04.113000000;-2;8924021
29969;0009/ 151C00283;50,110978900000000;14,489127199999984;Podvinný mlýn 2347;;19000;3000;plastic;;Bammens Memphis;2019-01-13 00:00:00;2019-02-25 15:41:32.220000000;2019-05-15 15:00:04.113000000;-2;8924021
29970;0009/ 151C00284;50,110978900000000;14,489127199999984;Podvinný mlýn 2347;;19000;1500;glass_coloured;2019-05-24 13:27:14;Bammens Memphis;2019-01-13 00:00:00;2019-02-25 15:41:32.220000000;2019-05-15 15:00:04.113000000;-2;8924021
29971;0009/ 151C00285;50,110978900000000;14,489127199999984;Podvinný mlýn 2347;;19000;1500;glass_white;2019-05-27 01:01:24;Bammens Memphis;2019-01-13 00:00:00;2019-02-25 15:41:32.220000000;2019-05-15 15:00:04.113000000;-2;8924021
29972;0009/ 152C00291;50,110284500000000;14,503807800000004;Prouzova 792;;19000;3000;beverage_cartons;2019-05-31 03:22:28;Bammens Memphis;2019-01-13 00:00:00;2019-02-25 15:41:32.220000000;2019-05-15 15:00:04.113000000;-2;8924021
29973;0009/ 152C00292;50,110284500000000;14,503807800000004;Prouzova 792;;19000;3000;paper;;Bammens Memphis;2019-01-13 00:00:00;2019-02-25 15:41:32.220000000;2019-05-15 15:00:04.113000000;-2;8924021
29974;0009/ 152C00293;50,110284500000000;14,503807800000004;Prouzova 792;;19000;3000;plastic;;Bammens Memphis;2019-01-13 00:00:00;2019-02-25 15:41:32.220000000;2019-05-15 15:00:04.113000000;-2;8924021
29975;0009/ 152C00294;50,110284500000000;14,503807800000004;Prouzova 792;;19000;1500;glass_coloured;2019-05-19 16:59:53;Bammens Memphis;2019-01-13 00:00:00;2019-02-25 15:41:32.220000000;2019-05-15 15:00:04.113000000;-2;8924021
29976;0009/ 152C00295;50,110284500000000;14,503807800000004;Prouzova 792;;19000;1500;glass_white;2019-05-19 21:58:47;Bammens Memphis;2019-01-13 00:00:00;2019-02-25 15:41:32.220000000;2019-05-15 15:00:04.113000000;-2;8924021
29977;0009/ 154C00311;50,117315100000000;14,497955400000023;Pískovcová 737;;19000;3000;beverage_cartons;2019-05-17 05:08:50;Bammens Memphis;2019-01-13 00:00:00;2019-02-25 15:41:32.220000000;2019-05-15 15:00:04.113000000;-2;8924021
29978;0009/ 154C00312;50,117315100000000;14,497955400000023;Pískovcová 737;;19000;3000;paper;;Bammens Memphis;2019-01-13 00:00:00;2019-02-25 15:41:32.220000000;2019-05-15 15:00:04.113000000;-2;8924021
29979;0009/ 154C00313;50,117315100000000;14,497955400000023;Pískovcová 737;;19000;3000;plastic;2019-05-18 08:13:44;Bammens Memphis;2019-01-13 00:00:00;2019-02-25 15:41:32.220000000;2019-05-15 15:00:04.113000000;-2;8924021
29980;0009/ 154C00314;50,117315100000000;14,497955400000023;Pískovcová 737;;19000;1500;glass_coloured;2019-05-18 15:14:26;Bammens Memphis;2019-01-13 00:00:00;2019-02-25 15:41:32.220000000;2019-05-15 15:00:04.113000000;-2;8924021
29981;0009/ 154C00315;50,117315100000000;14,497955400000023;Pískovcová 737;;19000;1500;glass_white;2019-05-28 04:14:44;Bammens Memphis;2019-01-13 00:00:00;2019-02-25 15:41:32.220000000;2019-05-15 15:00:04.113000000;-2;8924021
29982;0009/ 155C00321;50,121917500000000;14,492134999999962;Veltruská 538;;19000;3000;beverage_cartons;2019-06-19 18:37:31;Bammens Memphis;2019-01-13 00:00:00;2019-02-25 15:41:32.220000000;2019-05-15 15:00:04.113000000;-2;8924021
29983;0009/ 155C00322;50,121917500000000;14,492134999999962;Veltruská 538;;19000;3000;paper;;Bammens Memphis;2019-01-13 00:00:00;2019-02-25 15:41:32.220000000;2019-05-15 15:00:04.113000000;-2;8924021
29984;0009/ 155C00323;50,121917500000000;14,492134999999962;Veltruská 538;;19000;3000;plastic;;Bammens Memphis;2019-01-13 00:00:00;2019-02-25 15:41:32.220000000;2019-05-15 15:00:04.113000000;-2;8924021
29985;0009/ 155C00324;50,121917500000000;14,492134999999962;Veltruská 538;;19000;1500;glass_coloured;2019-05-18 21:31:31;Bammens Memphis;2019-01-13 00:00:00;2019-02-25 15:41:32.220000000;2019-05-15 15:00:04.113000000;-2;8924021
29986;0009/ 155C00325;50,121917500000000;14,492134999999962;Veltruská 538;;19000;1500;glass_white;2019-05-19 10:55:00;Bammens Memphis;2019-01-13 00:00:00;2019-02-25 15:41:32.220000000;2019-05-15 15:00:04.113000000;-2;8924021
29987;0009/ 156C00331;50,125855400000000;14,505569100000002;Kytlická  779;;19000;3000;beverage_cartons;2019-05-28 05:19:00;Bammens Memphis;2019-01-13 00:00:00;2019-02-25 15:41:32.220000000;2019-05-15 15:00:04.113000000;-2;8924021
29988;0009/ 156C00332;50,125855400000000;14,505569100000002;Kytlická  779;;19000;3000;paper;;Bammens Memphis;2019-01-13 00:00:00;2019-02-25 15:41:32.220000000;2019-05-15 15:00:04.113000000;-2;8924021
29989;0009/ 156C00333;50,125855400000000;14,505569100000002;Kytlická  779;;19000;3000;plastic;;Bammens Memphis;2019-01-13 00:00:00;2019-02-25 15:41:32.220000000;2019-05-15 15:00:04.113000000;-2;8924021
29990;0009/ 156C00334;50,125855400000000;14,505569100000002;Kytlická  779;;19000;1500;glass_coloured;2019-05-28 15:35:00;Bammens Memphis;2019-01-13 00:00:00;2019-02-25 15:41:32.220000000;2019-05-15 15:00:04.113000000;-2;8924021
29991;0009/ 156C00335;50,125855400000000;14,505569100000002;Kytlická  779;;19000;1500;glass_white;2019-06-10 01:39:09;Bammens Memphis;2019-01-13 00:00:00;2019-02-25 15:41:32.220000000;2019-05-15 15:00:04.113000000;-2;8924021
29992;0009/ 163C00341;50,123262800000000;14,498731499999963;Mimoòská 1243;;19000;3000;beverage_cartons;2019-06-01 19:18:39;Bammens Belfast;2018-12-18 00:00:00;2019-02-25 15:41:32.220000000;2019-05-15 15:00:04.113000000;-2;8924021
29993;0009/ 163C00342;50,123262800000000;14,498731499999963;Mimoòská 1243;;19000;3000;paper;2019-05-15 12:50:01;Bammens Belfast;2018-12-18 00:00:00;2019-02-25 15:41:32.220000000;2019-05-15 15:00:04.113000000;-2;8924021
29994;0009/ 163C00343;50,123262800000000;14,498731499999963;Mimoòská 1243;;19000;3000;plastic;;Bammens Belfast;2018-12-18 00:00:00;2019-02-25 15:41:32.220000000;2019-05-15 15:00:04.113000000;-2;8924021
29995;0009/ 163C00344;50,123262800000000;14,498731499999963;Mimoòská 1243;;19000;1500;glass_coloured;2019-06-01 04:27:00;Bammens Belfast;2018-12-18 00:00:00;2019-02-25 15:41:32.220000000;2019-05-15 15:00:04.113000000;-2;8924021
29996;0009/ 163C00345;50,123262800000000;14,498731499999963;Mimoòská 1243;;19000;1500;glass_white;2019-06-03 20:01:54;Bammens Belfast;2018-12-18 00:00:00;2019-02-25 15:41:32.220000000;2019-05-15 15:00:04.113000000;-2;8924021
29997;0009/ 157C00351;50,126526899999990;14,491598100000033;Jablonecká 358/25;;19000;3000;beverage_cartons;;Bammens Memphis;2019-01-13 00:00:00;2019-02-25 15:41:32.220000000;2019-05-15 15:00:04.113000000;-2;8924021
29998;0009/ 157C00352;50,126526899999990;14,491598100000033;Jablonecká 358/25;;19000;3000;paper;;Bammens Memphis;2019-01-13 00:00:00;2019-02-25 15:41:32.220000000;2019-05-15 15:00:04.113000000;-2;8924021
29999;0009/ 157C00353;50,126526899999990;14,491598100000033;Jablonecká 358/25;;19000;3000;plastic;2019-05-18 21:54:35;Bammens Memphis;2019-01-13 00:00:00;2019-02-25 15:41:32.220000000;2019-05-15 15:00:04.113000000;-2;8924021
30000;0009/ 157C00354;50,126526899999990;14,491598100000033;Jablonecká 358/25;;19000;1500;glass_coloured;2019-05-18 19:46:30;Bammens Memphis;2019-01-13 00:00:00;2019-02-25 15:41:32.220000000;2019-05-15 15:00:04.113000000;-2;8924021
30001;0009/ 157C00355;50,126526899999990;14,491598100000033;Jablonecká 358/25;;19000;1500;glass_white;2019-06-09 07:25:37;Bammens Memphis;2019-01-13 00:00:00;2019-02-25 15:41:32.220000000;2019-05-15 15:00:04.113000000;-2;8924021
30002;0009/ 158C00361;50,124695700000000;14,489118500000018;Rumburská 244;;19000;3000;beverage_cartons;2019-05-24 08:32:40;Bammens Memphis;2019-01-13 00:00:00;2019-02-25 15:41:32.220000000;2019-05-15 15:00:04.113000000;-2;8924021
30003;0009/ 158C00362;50,124695700000000;14,489118500000018;Rumburská 244;;19000;3000;paper;;Bammens Memphis;2019-01-13 00:00:00;2019-02-25 15:41:32.220000000;2019-05-15 15:00:04.113000000;-2;8924021
30004;0009/ 158C00363;50,124695700000000;14,489118500000018;Rumburská 244;;19000;3000;plastic;2019-05-16 13:57:59;Bammens Memphis;2019-01-13 00:00:00;2019-02-25 15:41:32.220000000;2019-05-15 15:00:04.113000000;-2;8924021
30005;0009/ 158C00364;50,124695700000000;14,489118500000018;Rumburská 244;;19000;1500;glass_coloured;2019-05-23 14:00:06;Bammens Memphis;2019-01-13 00:00:00;2019-02-25 15:41:32.220000000;2019-05-15 15:00:04.113000000;-2;8924021
30006;0009/ 158C00365;50,124695700000000;14,489118500000018;Rumburská 244;;19000;1500;glass_white;2019-06-03 23:28:10;Bammens Memphis;2019-01-13 00:00:00;2019-02-25 15:41:32.220000000;2019-05-15 15:00:04.113000000;-2;8924021
30007;0009/ 159C00371;50,123218599999990;14,490452399999981;Bohušovická-Bílinská 504/21;;19000;3000;beverage_cartons;;Bammens Memphis;2019-01-13 00:00:00;2019-02-25 15:41:32.220000000;2019-05-15 15:00:04.113000000;-2;8924021
30008;0009/ 159C00372;50,123218599999990;14,490452399999981;Bohušovická-Bílinská 504/21;;19000;3000;paper;2019-05-21 20:34:17;Bammens Memphis;2019-01-13 00:00:00;2019-02-25 15:41:32.220000000;2019-05-15 15:00:04.113000000;-2;8924021
30009;0009/ 159C00373;50,123218599999990;14,490452399999981;Bohušovická-Bílinská 504/21;;19000;3000;plastic;2019-05-17 12:12:26;Bammens Memphis;2019-01-13 00:00:00;2019-02-25 15:41:32.220000000;2019-05-15 15:00:04.113000000;-2;8924021
30010;0009/ 159C00374;50,123218599999990;14,490452399999981;Bohušovická-Bílinská 504/21;;19000;1500;glass_coloured;2019-06-02 17:04:32;Bammens Memphis;2019-01-13 00:00:00;2019-02-25 15:41:32.220000000;2019-05-15 15:00:04.113000000;-2;8924021
30011;0009/ 159C00375;50,123218599999990;14,490452399999981;Bohušovická-Bílinská 504/21;;19000;1500;glass_white;2019-06-01 12:42:53;Bammens Memphis;2019-01-13 00:00:00;2019-02-25 15:41:32.220000000;2019-05-15 15:00:04.113000000;-2;8924021
30012;0009 /160C00381;50,109844600000000;14,506988699999965;Nemocnièní 781;;19000;3000;paper;;Bammens Memphis;2019-01-13 00:00:00;2019-02-25 15:41:32.220000000;2019-05-15 15:00:04.113000000;-2;8924021
30013;0009 /160C00382;50,109844600000000;14,506988699999965;Nemocnièní 781;;19000;3000;plastic;2019-05-16 01:48:27;Bammens Memphis;2019-01-13 00:00:00;2019-02-25 15:41:32.220000000;2019-05-15 15:00:04.113000000;-2;8924021
30014;0009 /160C00383;50,109844600000000;14,506988699999965;Nemocnièní 781;;19000;1500;glass_coloured;2019-05-25 00:54:27;Bammens Memphis;2019-01-13 00:00:00;2019-02-25 15:41:32.220000000;2019-05-15 15:00:04.113000000;-2;8924021
30015;0009 /160C00384;50,109844600000000;14,506988699999965;Nemocnièní 781;;19000;1500;glass_white;2019-05-20 22:38:47;Bammens Memphis;2019-01-13 00:00:00;2019-02-25 15:41:32.220000000;2019-05-15 15:00:04.113000000;-2;8924021
30016;0009 /160C00385;50,109844600000000;14,506988699999965;Nemocnièní 781;;19000;3000;beverage_cartons;2019-06-20 09:58:27;Bammens Memphis;2019-01-13 00:00:00;2019-02-25 15:41:32.220000000;2019-05-15 15:00:04.113000000;-2;8924021
30017;0009/ 161C00391;50,107794600000000;14,489894499999991;Èihákova Matìjkova 9652;;19000;3000;paper;;Bammens Memphis;2019-01-13 00:00:00;2019-02-25 15:41:32.220000000;2019-05-15 15:00:04.113000000;-2;8924021
30018;0009/ 161C00392;50,107794600000000;14,489894499999991;Èihákova Matìjkova 9652;;19000;3000;plastic;2019-05-18 00:42:29;Bammens Memphis;2019-01-13 00:00:00;2019-02-25 15:41:32.220000000;2019-05-15 15:00:04.113000000;-2;8924021
30019;0009/ 161C00393;50,107794600000000;14,489894499999991;Èihákova Matìjkova 9652;;19000;1500;glass_coloured;2019-05-27 00:00:22;Bammens Memphis;2019-01-13 00:00:00;2019-02-25 15:41:32.220000000;2019-05-15 15:00:04.113000000;-2;8924021
30020;0009/ 161C00394;50,107794600000000;14,489894499999991;Èihákova Matìjkova 9652;;19000;1500;glass_white;2019-06-01 08:39:11;Bammens Memphis;2019-01-13 00:00:00;2019-02-25 15:41:32.220000000;2019-05-15 15:00:04.113000000;-2;8924021
30021;0009/ 161C00395;50,107794600000000;14,489894499999991;Èihákova Matìjkova 9652;;19000;3000;beverage_cartons;;Bammens Memphis;2019-01-13 00:00:00;2019-02-25 15:41:32.220000000;2019-05-15 15:00:04.113000000;-2;8924021
30022;0010/ 264C00441;50,072903400000000;14,476854900000035;Litevská 1174/8;;10000;1500;glass_coloured;;Bammens Memphis;2018-12-18 00:00:00;2019-02-25 15:41:32.220000000;2019-05-15 15:00:04.113000000;-2;8924021
30023;0010/ 264C00442;50,072903400000000;14,476854900000035;Litevská 1174/8;;10000;1500;glass_white;;Bammens Memphis;2018-12-18 00:00:00;2019-02-25 15:41:32.220000000;2019-05-15 15:00:04.113000000;-2;8924021
30024;0010/ 264C00443;50,072903400000000;14,476854900000035;Litevská 1174/8;;10000;3000;paper;2019-05-17 10:37:05;Bammens Memphis;2018-12-18 00:00:00;2019-02-25 15:41:32.220000000;2019-05-15 15:00:04.113000000;-2;8924021
30025;0010/ 264C00444;50,072903400000000;14,476854900000035;Litevská 1174/8;;10000;3000;plastic;;Bammens Memphis;2018-12-18 00:00:00;2019-02-25 15:41:32.220000000;2019-05-15 15:00:04.113000000;-2;8924021
30026;0010/ 264C00445;50,072903400000000;14,476854900000035;Litevská 1174/8;;10000;1500;beverage_cartons;;Bammens Memphis;2019-01-13 00:00:00;2019-02-25 15:41:32.220000000;2019-05-15 15:00:04.113000000;-2;8924021
30027;0003/ 010C00481;50,085211000000000;14,451586000000020;Štítného 629/23;;13000;1500;beverage_cartons;2019-05-17 18:30:21;Schäfer/Europa-OR/GB;2018-11-27 00:00:00;2019-02-25 15:41:32.220000000;2019-05-15 15:00:04.113000000;-2;8924021
30028;0003/ 010C00482;50,085211000000000;14,451586000000020;Štítného 629/23;;13000;1500;paper;2019-05-18 02:19:56;Schäfer/Europa-OR/GB;2018-12-05 00:00:00;2019-02-25 15:41:32.220000000;2019-05-15 15:00:04.113000000;-2;8924021
30029;0003/ 010C00483;50,085211000000000;14,451586000000020;Štítného 629/23;;13000;1500;plastic;;Schäfer/Europa-OR/GB;2018-12-05 00:00:00;2019-02-25 15:41:32.220000000;2019-05-15 15:00:04.113000000;-2;8924021
30030;0003/ 010C00484;50,085211000000000;14,451586000000020;Štítného 629/23;;13000;1500;glass_coloured;2019-05-16 14:07:56;Schäfer/Europa-OR/GB;2018-12-05 00:00:00;2019-02-25 15:41:32.220000000;2019-05-15 15:00:04.113000000;-2;8924021
30031;0003/ 010C00485;50,085211000000000;14,451586000000020;Štítného 629/23;;13000;1500;glass_white;2019-08-10 16:38:00;Schäfer/Europa-OR/GB;2018-12-05 00:00:00;2019-02-25 15:41:32.220000000;2019-05-15 15:00:04.113000000;-2;8924021
30032;0003/ 012C00491;50,086089100000000;14,456382200000007;Èeskobratrská 276;;13000;3000;paper;2019-05-15 17:23:03;Schäfer/Europa-OR/GB;2018-12-18 00:00:00;2019-02-25 15:41:32.220000000;2019-05-15 15:00:04.113000000;-2;8924021
30034;0003/ 012C00493;50,086089100000000;14,456382200000007;Èeskobratrská 276;;13000;1500;plastic;2019-05-15 20:50:49;Schäfer/Europa-OR/GB;2018-12-18 00:00:00;2019-02-25 15:41:32.220000000;2019-05-15 15:00:04.113000000;-2;8924021
30036;0003/ 012C00495;50,086089100000000;14,456382200000007;Èeskobratrská 276;;13000;1500;glass_coloured;2019-05-28 23:41:49;Schäfer/Europa-OR/GB;2018-12-18 00:00:00;2019-02-25 15:41:32.220000000;2019-05-15 15:00:04.113000000;-2;8924021
30037;0003/ 012C00496;50,086089100000000;14,456382200000007;Èeskobratrská 276;;13000;1500;glass_white;2021-11-13 03:20:12;Schäfer/Europa-OR/GB;2018-12-18 00:00:00;2019-02-25 15:41:32.220000000;2019-05-15 15:00:04.113000000;-2;8924021
30038;0003/ 012C00497;50,086089100000000;14,456382200000007;Èeskobratrská 276;;13000;1500;beverage_cartons;2019-05-25 22:18:29;Schäfer/Europa-OR/GB;2018-12-18 00:00:00;2019-02-25 15:41:32.220000000;2019-05-15 15:00:04.113000000;-2;8924021
30039;0003/ 013C00501;50,086824700000000;14,461461999999983;Jeseniova 1196;;13000;3000;paper;2019-05-17 16:14:06;Schäfer/Europa-OR/GB;2018-12-05 00:00:00;2019-02-25 15:41:32.220000000;2019-05-15 15:00:04.113000000;-2;8924021
30040;0003/ 013C00502;50,086824700000000;14,461461999999983;Jeseniova 1196;;13000;1500;plastic;2019-05-16 13:51:13;Schäfer/Europa-OR/GB;2018-12-05 00:00:00;2019-02-25 15:41:32.220000000;2019-05-15 15:00:04.113000000;-2;8924021
30041;0003/ 013C00503;50,086824700000000;14,461461999999983;Jeseniova 1196;;13000;1500;glass_coloured;2019-05-20 02:08:27;Schäfer/Europa-OR/GB;2018-12-05 00:00:00;2019-02-25 15:41:32.220000000;2019-05-15 15:00:04.113000000;-2;8924021
30042;0003/ 013C00504;50,086824700000000;14,461461999999983;Jeseniova 1196;;13000;1500;glass_white;2019-05-17 21:18:05;Schäfer/Europa-OR/GB;2018-12-05 00:00:00;2019-02-25 15:41:32.220000000;2019-05-15 15:00:04.113000000;-2;8924021
30043;0003/ 013C00505;50,086824700000000;14,461461999999983;Jeseniova 1196;;13000;1500;beverage_cartons;2019-05-20 18:44:13;Schäfer/Europa-OR/GB;2018-12-05 00:00:00;2019-02-25 15:41:32.220000000;2019-05-15 15:00:04.113000000;-2;8924021
30044;0003/ 014C00511;50,086700000000000;14,462600000000000;nám.Barikád 0;;13000;3000;paper;2019-05-16 04:40:48;Schäfer/Europa-OR/GB;2018-12-18 00:00:00;2019-02-25 15:41:32.220000000;2019-05-15 15:00:04.113000000;-2;8924021
30046;0003/ 014C00513;50,086700000000000;14,462600000000000;nám.Barikád 0;;13000;1500;plastic;2019-05-15 13:27:57;Schäfer/Europa-OR/GB;2018-12-18 00:00:00;2019-02-25 15:41:32.220000000;2019-05-15 15:00:04.113000000;-2;8924021
30048;0003/ 014C00515;50,086700000000000;14,462600000000000;nám.Barikád 0;;13000;1500;glass_coloured;2019-05-17 15:10:35;Schäfer/Europa-OR/GB;2018-12-18 00:00:00;2019-02-25 15:41:32.220000000;2019-05-15 15:00:04.113000000;-2;8924021
30049;0003/ 014C00516;50,086700000000000;14,462600000000000;nám.Barikád 0;;13000;1500;glass_white;2019-05-19 19:20:15;Schäfer/Europa-OR/GB;2018-12-18 00:00:00;2019-02-25 15:41:32.220000000;2019-05-15 15:00:04.113000000;-2;8924021
30050;0003/ 014C00517;50,086700000000000;14,462600000000000;nám.Barikád 0;;13000;1500;beverage_cartons;2019-05-24 01:57:46;Schäfer/Europa-OR/GB;2018-12-18 00:00:00;2019-02-25 15:41:32.220000000;2019-05-15 15:00:04.113000000;-2;8924021
30051;0003/ 022C00521;50,079477900000000;14,457476400000019;Lucemburská 1579/33;;13000;1500;paper;2019-05-17 05:58:42;Schäfer/Europa-OR/GB;2018-12-05 00:00:00;2019-02-25 15:41:32.220000000;2019-05-15 15:00:04.113000000;-2;8924021
30052;0003/ 022C00522;50,079477900000000;14,457476400000019;Lucemburská 1579/33;;13000;1500;plastic;;Schäfer/Europa-OR/GB;2018-12-05 00:00:00;2019-02-25 15:41:32.220000000;2019-05-15 15:00:04.113000000;-2;8924021
30053;0003/ 022C00523;50,079477900000000;14,457476400000019;Lucemburská 1579/33;;13000;1500;glass_coloured;2019-06-07 07:10:03;Schäfer/Europa-OR/GB;2018-12-05 00:00:00;2019-02-25 15:41:32.220000000;2019-05-15 15:00:04.113000000;-2;8924021
30054;0003/ 022C00524;50,079477900000000;14,457476400000019;Lucemburská 1579/33;;13000;1500;glass_white;2019-05-20 22:56:09;Schäfer/Europa-OR/GB;2018-12-05 00:00:00;2019-02-25 15:41:32.220000000;2019-05-15 15:00:04.113000000;-2;8924021
30055;0003/ 024C00531;50,082217900000000;14,445739399999980;Boøivojova 761/97;;13000;3000;paper;;Schäfer/Europa-OR/GB;2018-12-05 00:00:00;2019-02-25 15:41:32.220000000;2019-05-15 15:00:04.113000000;-2;8924021
30056;0003/ 024C00532;50,082217900000000;14,445739399999980;Boøivojova 761/97;;13000;1500;plastic;;Schäfer/Europa-OR/GB;2018-12-05 00:00:00;2019-02-25 15:41:32.220000000;2019-05-15 15:00:04.113000000;-2;8924021
30057;0003/ 024C00533;50,082217900000000;14,445739399999980;Boøivojova 761/97;;13000;1500;glass_coloured;2019-05-16 22:40:27;Schäfer/Europa-OR/GB;2018-12-05 00:00:00;2019-02-25 15:41:32.220000000;2019-05-15 15:00:04.113000000;-2;8924021
30058;0003/ 024C00534;50,082217900000000;14,445739399999980;Boøivojova 761/97;;13000;1500;glass_white;2019-05-28 08:19:27;Schäfer/Europa-OR/GB;2018-12-05 00:00:00;2019-02-25 15:41:32.220000000;2019-05-15 15:00:04.113000000;-2;8924021
30059;0003/ 030C00541;50,088741200000000;14,471963200000005;Jeseniova 2593/98;;13000;3000;paper;2019-05-17 12:01:37;Schäfer/Europa-OR/GB;2018-12-05 00:00:00;2019-02-25 15:41:32.220000000;2019-05-15 15:00:04.113000000;-2;8924021
30060;0003/ 030C00542;50,088741200000000;14,471963200000005;Jeseniova 2593/98;;13000;1500;plastic;2019-05-18 06:51:13;Schäfer/Europa-OR/GB;2018-12-05 00:00:00;2019-02-25 15:41:32.220000000;2019-05-15 15:00:04.113000000;-2;8924021
30061;0003/ 030C00543;50,088741200000000;14,471963200000005;Jeseniova 2593/98;;13000;1500;glass_coloured;2019-06-22 11:37:05;Schäfer/Europa-OR/GB;2018-12-05 00:00:00;2019-02-25 15:41:32.220000000;2019-05-15 15:00:04.113000000;-2;8924021
30062;0003/ 030C00544;50,088741200000000;14,471963200000005;Jeseniova 2593/98;;13000;1500;glass_white;2020-03-26 22:53:31;Schäfer/Europa-OR/GB;2018-12-05 00:00:00;2019-02-25 15:41:32.220000000;2019-05-15 15:00:04.113000000;-2;8924021
30063;0003/ 030C00545;50,088741200000000;14,471963200000005;Jeseniova 2593/98;;13000;1500;beverage_cartons;2019-05-23 03:18:35;Schäfer/Europa-OR/GB;2018-12-05 00:00:00;2019-02-25 15:41:32.220000000;2019-05-15 15:00:04.113000000;-2;8924021
30064;0003/ 035C00551;50,085675300000000;14,455408100000000;Rokycanova 240/27;;13000;3000;beverage_cartons;2019-05-19 05:10:53;Schäfer/Europa-OR/GB;2018-12-05 00:00:00;2019-02-25 15:41:32.220000000;2019-05-15 15:00:04.113000000;-2;8924021
30065;0003/ 035C00552;50,085675300000000;14,455408100000000;Rokycanova 240/27;;13000;1500;paper;2019-05-18 05:33:20;Schäfer/Europa-OR/GB;2018-12-05 00:00:00;2019-02-25 15:41:32.220000000;2019-05-15 15:00:04.113000000;-2;8924021
30066;0003/ 035C00553;50,085675300000000;14,455408100000000;Rokycanova 240/27;;13000;1500;plastic;;Schäfer/Europa-OR/GB;2018-12-05 00:00:00;2019-02-25 15:41:32.220000000;2019-05-15 15:00:04.113000000;-2;8924021
30067;0003/ 035C00554;50,085675300000000;14,455408100000000;Rokycanova 240/27;;13000;1500;glass_coloured;2019-05-22 04:08:16;Schäfer/Europa-OR/GB;2018-12-05 00:00:00;2019-02-25 15:41:32.220000000;2019-05-15 15:00:04.113000000;-2;8924021
30068;0003/ 035C00555;50,085675300000000;14,455408100000000;Rokycanova 240/27;;13000;1500;glass_white;2019-06-03 23:03:26;Schäfer/Europa-OR/GB;2018-12-05 00:00:00;2019-02-25 15:41:32.220000000;2019-05-15 15:00:04.113000000;-2;8924021
30069;0003/ 036C00561;50,089320200000000;14,496351799999957;Habrová 2641;;13000;3000;paper;2019-05-16 19:56:49;Schäfer/Europa-OR/GB;2018-12-18 00:00:00;2019-02-25 15:41:32.220000000;2019-05-15 15:00:04.113000000;-2;8924021
30071;0003/ 036C00563;50,089320200000000;14,496351799999957;Habrová 2641;;13000;3000;plastic;2019-05-16 12:11:15;Schäfer/Europa-OR/GB;2018-12-18 00:00:00;2019-02-25 15:41:32.220000000;2019-05-15 15:00:04.113000000;-2;8924021
30073;0003/ 036C00565;50,089320200000000;14,496351799999957;Habrová 2641;;13000;1500;glass_coloured;2019-05-20 04:15:53;Schäfer/Europa-OR/GB;2018-12-18 00:00:00;2019-02-25 15:41:32.220000000;2019-05-15 15:00:04.113000000;-2;8924021
30074;0003/ 036C00566;50,089320200000000;14,496351799999957;Habrová 2641;;13000;1500;glass_white;2019-06-12 13:28:19;Schäfer/Europa-OR/GB;2018-12-18 00:00:00;2019-02-25 15:41:32.220000000;2019-05-15 15:00:04.113000000;-2;8924021
30075;0003/ 036C00567;50,089320200000000;14,496351799999957;Habrová 2641;;13000;3000;beverage_cartons;2019-05-09 07:12:31;Schäfer/Europa-OR/GB;2018-12-18 00:00:00;2019-02-25 15:41:32.220000000;2019-05-15 15:00:04.113000000;-2;8924021
30076;0003/ 037C00571;50,081736500000000;14,457771099999945;Sudomìøská 1793/47;;13000;1500;paper;;Schäfer/Europa-OR/GB;2018-12-05 00:00:00;2019-02-25 15:41:32.220000000;2019-05-15 15:00:04.113000000;-2;8924021
30077;0003/ 037C00572;50,081736500000000;14,457771099999945;Sudomìøská 1793/47;;13000;1500;plastic;;Schäfer/Europa-OR/GB;2018-12-05 00:00:00;2019-02-25 15:41:32.220000000;2019-05-15 15:00:04.113000000;-2;8924021
30078;0003/ 037C00573;50,081736500000000;14,457771099999945;Sudomìøská 1793/47;;13000;1500;glass_coloured;2019-06-07 15:23:30;Schäfer/Europa-OR/GB;2018-12-05 00:00:00;2019-02-25 15:41:32.220000000;2019-05-15 15:00:04.113000000;-2;8924021
30079;0003/ 037C00574;50,081736500000000;14,457771099999945;Sudomìøská 1793/47;;13000;1500;glass_white;2019-06-26 22:59:31;Schäfer/Europa-OR/GB;2018-12-05 00:00:00;2019-02-25 15:41:32.220000000;2019-05-15 15:00:04.113000000;-2;8924021
30080;0003/ 039C00581;50,086379200000000;14,452380700000049;Prokopovo námìstí 175;;13000;3000;paper;2019-05-15 11:13:57;Schäfer/Europa-OR/GB;2018-12-05 00:00:00;2019-02-25 15:41:32.220000000;2019-05-15 15:00:04.113000000;-2;8924021
30081;0003/ 039C00582;50,086379200000000;14,452380700000049;Prokopovo námìstí 175;;13000;1500;plastic;;Schäfer/Europa-OR/GB;2018-12-05 00:00:00;2019-02-25 15:41:32.220000000;2019-05-15 15:00:04.113000000;-2;8924021
30082;0003/ 039C00583;50,086379200000000;14,452380700000049;Prokopovo námìstí 175;;13000;1500;glass_coloured;2019-05-21 08:08:49;Schäfer/Europa-OR/GB;2018-12-05 00:00:00;2019-02-25 15:41:32.220000000;2019-05-15 15:00:04.113000000;-2;8924021
30083;0003/ 039C00584;50,086379200000000;14,452380700000049;Prokopovo námìstí 175;;13000;1500;glass_white;2020-12-07 00:14:16;Schäfer/Europa-OR/GB;2018-12-05 00:00:00;2019-02-25 15:41:32.220000000;2019-05-15 15:00:04.113000000;-2;8924021
30084;0003/ 039C00585;50,086379200000000;14,452380700000049;Prokopovo námìstí 175;;13000;1500;beverage_cartons;2019-05-22 03:46:47;Schäfer/Europa-OR/GB;2018-12-05 00:00:00;2019-02-25 15:41:32.220000000;2019-05-15 15:00:04.113000000;-2;8924021
30085;0003/ 040C00591;50,086360400000000;14,441890500000000;Pøíbìnická 942;;13000;3000;paper;;Schäfer/Europa-OR/GB;2018-12-05 00:00:00;2019-02-25 15:41:32.220000000;2019-05-15 15:00:04.113000000;-2;8924021
30086;0003/ 040C00592;50,086360400000000;14,441890500000000;Pøíbìnická 942;;13000;1500;plastic;;Schäfer/Europa-OR/GB;2018-12-05 00:00:00;2019-02-25 15:41:32.220000000;2019-05-15 15:00:04.113000000;-2;8924021
30087;0003/ 040C00593;50,086360400000000;14,441890500000000;Pøíbìnická 942;;13000;1500;glass_coloured;2019-05-27 01:32:47;Schäfer/Europa-OR/GB;2018-12-05 00:00:00;2019-02-25 15:41:32.220000000;2019-05-15 15:00:04.113000000;-2;8924021
30088;0003/ 040C00594;50,086360400000000;14,441890500000000;Pøíbìnická 942;;13000;1500;glass_white;2019-05-17 08:43:59;Schäfer/Europa-OR/GB;2018-12-05 00:00:00;2019-02-25 15:41:32.220000000;2019-05-15 15:00:04.113000000;-2;8924021
30089;0003/ 040C00595;50,086360400000000;14,441890500000000;Pøíbìnická 942;;13000;1500;beverage_cartons;2019-05-27 17:37:40;Schäfer/Europa-OR/GB;2018-12-05 00:00:00;2019-02-25 15:41:32.220000000;2019-05-15 15:00:04.113000000;-2;8924021
30090;0003/ 041C00601;50,090833700000000;14,491739899999970;Pod Lipami 2562;;13000;3000;beverage_cartons;2019-05-27 01:17:36;Schäfer/Europa-OR/GB;2018-12-18 00:00:00;2019-02-25 15:41:32.220000000;2019-05-15 15:00:04.113000000;-2;8924021
30091;0003/ 041C00602;50,090833700000000;14,491739899999970;Pod Lipami 2562;;13000;3000;paper;2019-05-18 13:42:41;Schäfer/Europa-OR/GB;2018-12-18 00:00:00;2019-02-25 15:41:32.220000000;2019-05-15 15:00:04.113000000;-2;8924021
30093;0003/ 041C00604;50,090833700000000;14,491739899999970;Pod Lipami 2562;;13000;3000;plastic;2019-05-16 10:22:06;Schäfer/Europa-OR/GB;2018-12-18 00:00:00;2019-02-25 15:41:32.220000000;2019-05-15 15:00:04.113000000;-2;8924021
30095;0003/ 041C00606;50,090833700000000;14,491739899999970;Pod Lipami 2562;;13000;1500;glass_coloured;2019-05-21 00:38:59;Schäfer/Europa-OR/GB;2018-12-18 00:00:00;2019-02-25 15:41:32.220000000;2019-05-15 15:00:04.113000000;-2;8924021
30096;0003/ 041C00607;50,090833700000000;14,491739899999970;Pod Lipami 2562;;13000;1500;glass_white;2019-05-22 01:27:05;Schäfer/Europa-OR/GB;2018-12-18 00:00:00;2019-02-25 15:41:32.220000000;2019-05-15 15:00:04.113000000;-2;8924021
30097;0003/ 043C00611;50,075649600000000;14,454202399999986;Perunova 880;;13000;3000;paper;;Schäfer/Europa-OR/GB;2018-12-05 00:00:00;2019-02-25 15:41:32.220000000;2019-05-15 15:00:04.113000000;-2;8924021
30098;0003/ 043C00612;50,075649600000000;14,454202399999986;Perunova 880;;13000;1500;plastic;;Schäfer/Europa-OR/GB;2018-12-05 00:00:00;2019-02-25 15:41:32.220000000;2019-05-15 15:00:04.113000000;-2;8924021
30099;0003/ 043C00613;50,075649600000000;14,454202399999986;Perunova 880;;13000;1500;glass_coloured;2019-05-20 10:00:59;Schäfer/Europa-OR/GB;2018-12-05 00:00:00;2019-02-25 15:41:32.220000000;2019-05-15 15:00:04.113000000;-2;8924021
30100;0003/ 043C00614;50,075649600000000;14,454202399999986;Perunova 880;;13000;1500;glass_white;2019-05-20 04:23:59;Schäfer/Europa-OR/GB;2018-12-05 00:00:00;2019-02-25 15:41:32.220000000;2019-05-15 15:00:04.113000000;-2;8924021
30101;0003/ 043C00615;50,075649600000000;14,454202399999986;Perunova 880;;13000;1500;beverage_cartons;;Schäfer/Europa-OR/GB;2018-12-05 00:00:00;2019-02-25 15:41:32.220000000;2019-05-15 15:00:04.113000000;-2;8924021
30102;0003/ 052C00621;50,086128100000000;14,469599600000038;Ke Kapslovnì 2387;;13000;3000;paper;2019-05-19 11:29:13;Schäfer/Europa-OR/GB;2018-12-18 00:00:00;2019-02-25 15:41:32.220000000;2019-05-15 15:00:04.113000000;-2;8924021
30103;0003/ 052C00622;50,086128100000000;14,469599600000038;Ke Kapslovnì 2387;;13000;1500;plastic;2019-05-20 03:00:01;Schäfer/Europa-OR/GB;2018-12-05 00:00:00;2019-02-25 15:41:32.220000000;2019-05-15 15:00:04.113000000;-2;8924021
30104;0003/ 052C00623;50,086128100000000;14,469599600000038;Ke Kapslovnì 2387;;13000;1500;glass_coloured;;Schäfer/Europa-OR/GB;2018-12-05 00:00:00;2019-02-25 15:41:32.220000000;2019-05-15 15:00:04.113000000;-2;8924021
30105;0003/ 052C00624;50,086128100000000;14,469599600000038;Ke Kapslovnì 2387;;13000;1500;glass_white;2019-06-14 17:56:25;Schäfer/Europa-OR/GB;2018-12-05 00:00:00;2019-02-25 15:41:32.220000000;2019-05-15 15:00:04.113000000;-2;8924021
30106;0003/ 076C00631;50,094991099999990;14,486524099999997;Na Balkánì-K Vrcholu 2075/70;;13000;1500;beverage_cartons;2019-07-01 09:46:57;Schäfer/Europa-OR/GB;2018-12-18 00:00:00;2019-02-25 15:41:32.220000000;2019-05-15 15:00:04.113000000;-2;8924021
30107;0003/ 076C00632;50,094991099999990;14,486524099999997;Na Balkánì-K Vrcholu 2075/70;;13000;3000;paper;2019-05-18 09:44:23;Schäfer/Europa-OR/GB;2018-12-18 00:00:00;2019-02-25 15:41:32.220000000;2019-05-15 15:00:04.113000000;-2;8924021
30109;0003/ 076C00634;50,094991099999990;14,486524099999997;Na Balkánì-K Vrcholu 2075/70;;13000;1500;plastic;;Schäfer/Europa-OR/GB;2018-12-18 00:00:00;2019-02-25 15:41:32.220000000;2019-05-15 15:00:04.113000000;-2;8924021
30111;0003/ 076C00636;50,094991099999990;14,486524099999997;Na Balkánì-K Vrcholu 2075/70;;13000;1500;glass_coloured;2019-05-17 03:49:57;Schäfer/Europa-OR/GB;2018-12-18 00:00:00;2019-02-25 15:41:32.220000000;2019-05-15 15:00:04.113000000;-2;8924021
30112;0003/ 076C00637;50,094991099999990;14,486524099999997;Na Balkánì-K Vrcholu 2075/70;;13000;1500;glass_white;2019-05-17 22:21:16;Schäfer/Europa-OR/GB;2018-12-18 00:00:00;2019-02-25 15:41:32.220000000;2019-05-15 15:00:04.113000000;-2;8924021
30113;0003/ 084C00641;50,089854500000000;14,464927399999965;Konìvova/Hájkova 1607/20;;13000;1500;beverage_cartons;2019-05-19 18:37:52;Schäfer/Europa-OR/GB;2018-12-18 00:00:00;2019-02-25 15:41:32.220000000;2019-05-15 15:00:04.113000000;-2;8924021
30114;0003/ 084C00642;50,089854500000000;14,464927399999965;Konìvova/Hájkova 1607/20;;13000;1500;paper;2019-05-16 00:55:12;Schäfer/Europa-OR/GB;2018-12-18 00:00:00;2019-02-25 15:41:32.220000000;2019-05-15 15:00:04.113000000;-2;8924021
30116;0003/ 084C00644;50,089854500000000;14,464927399999965;Konìvova/Hájkova 1607/20;;13000;1500;plastic;2019-05-17 04:30:23;Schäfer/Europa-OR/GB;2018-12-18 00:00:00;2019-02-25 15:41:32.220000000;2019-05-15 15:00:04.113000000;-2;8924021
30118;0003/ 084C00646;50,089854500000000;14,464927399999965;Konìvova/Hájkova 1607/20;;13000;3000;glass_coloured;2019-05-19 06:26:32;Schäfer/Europa-OR/GB;2018-12-18 00:00:00;2019-02-25 15:41:32.220000000;2019-05-15 15:00:04.113000000;-2;8924021
30119;0003/ 084C00647;50,089854500000000;14,464927399999965;Konìvova/Hájkova 1607/20;;13000;1500;glass_white;2019-05-28 19:00:35;Schäfer/Europa-OR/GB;2018-12-18 00:00:00;2019-02-25 15:41:32.220000000;2019-05-15 15:00:04.113000000;-2;8924021
30120;0008/ 043C00871;50,100881614205626;14,482083320617676;Sokolovská 457/127;;18000;3000;paper;;Bammens Memphis;2019-01-13 00:00:00;2019-02-25 15:41:32.220000000;2019-05-15 15:00:04.113000000;-2;8924021
30121;0008/ 043C00872;50,100881614205626;14,482083320617676;Sokolovská 457/127;;18000;3000;plastic;;Bammens Memphis;2019-01-13 00:00:00;2019-02-25 15:41:32.220000000;2019-05-15 15:00:04.113000000;-2;8924021
30122;0008/ 043C00873;50,100881614205626;14,482083320617676;Sokolovská 457/127;;18000;1500;glass_coloured;;Bammens Memphis;2019-01-13 00:00:00;2019-02-25 15:41:32.220000000;2019-05-15 15:00:04.113000000;-2;8924021
30123;0008/ 043C00874;50,100881614205626;14,482083320617676;Sokolovská 457/127;;18000;1500;glass_white;;Bammens Memphis;2019-01-13 00:00:00;2019-02-25 15:41:32.220000000;2019-05-15 15:00:04.113000000;-2;8924021
30124;0008/ 226C01321;50,091897200000000;14,448318400000062;Køižíkova ;;18000;3000;paper;;Bammens Memphis;;2019-02-25 15:41:32.220000000;2019-05-15 15:00:04.113000000;-2;8924021
30125;0008/ 226C01322;50,091897200000000;14,448318400000062;Køižíkova ;;18000;3000;plastic;2019-05-16 22:15:48;Bammens Memphis;2019-01-13 00:00:00;2019-02-25 15:41:32.220000000;2019-05-15 15:00:04.113000000;-2;8924021
30126;0008/ 226C01323;50,091897200000000;14,448318400000062;Køižíkova ;;18000;1500;glass_coloured;2019-05-25 14:02:51;Bammens Memphis;2019-01-13 00:00:00;2019-02-25 15:41:32.220000000;2019-05-15 15:00:04.113000000;-2;8924021
30127;0008/ 226C01324;50,091897200000000;14,448318400000062;Køižíkova ;;18000;1500;glass_white;;Bammens Memphis;2019-01-13 00:00:00;2019-02-25 15:41:32.220000000;2019-05-15 15:00:04.113000000;-2;8924021
30128;0008/ 072C01331;50,094780500000000;14,463316999999961;Molákova 601/2;;18000;3000;paper;;Bammens Memphis;2019-01-13 00:00:00;2019-02-25 15:41:32.220000000;2019-05-15 15:00:04.113000000;-2;8924021
30129;0008/ 072C01332;50,094780500000000;14,463316999999961;Molákova 601/2;;18000;3000;plastic;;Bammens Memphis;2019-01-13 00:00:00;2019-02-25 15:41:32.220000000;2019-05-15 15:00:04.113000000;-2;8924021
30130;0008/ 072C01333;50,094780500000000;14,463316999999961;Molákova 601/2;;18000;1500;glass_coloured;;Bammens Memphis;2019-01-13 00:00:00;2019-02-25 15:41:32.220000000;2019-05-15 15:00:04.113000000;-2;8924021
30131;0008/ 072C01334;50,094780500000000;14,463316999999961;Molákova 601/2;;18000;1500;glass_white;;Bammens Memphis;2019-01-13 00:00:00;2019-02-25 15:41:32.220000000;2019-05-15 15:00:04.113000000;-2;8924021
30132;0008/ 072C01335;50,094780500000000;14,463316999999961;Molákova 601/2;;18000;1500;beverage_cartons;2019-05-25 22:34:12;Bammens Memphis;2019-01-13 00:00:00;2019-02-25 15:41:32.220000000;2019-05-15 15:00:04.113000000;-2;8924021
30133;0008/ 072C01336;50,094780500000000;14,463316999999961;Molákova 601/2;;18000;1500;metal;2019-05-19 06:22:02;Bammens Memphis;2019-01-13 00:00:00;2019-02-25 15:41:32.220000000;2019-05-15 15:00:04.113000000;-2;8924021
30134;0008/ 067C01341;50,113629900000000;14,466440799999987;Krejèího ;;18000;3000;paper;;Bammens Memphis;2019-01-13 00:00:00;2019-02-25 15:41:32.220000000;2019-05-15 15:00:04.113000000;-2;8924021
30135;0008/ 067C01342;50,113629900000000;14,466440799999987;Krejèího ;;18000;3000;plastic;2019-05-15 13:05:18;Bammens Memphis;2019-01-13 00:00:00;2019-02-25 15:41:32.220000000;2019-05-15 15:00:04.113000000;-2;8924021
30136;0008/ 067C01343;50,113629900000000;14,466440799999987;Krejèího ;;18000;1500;glass_coloured;;Bammens Memphis;2019-01-13 00:00:00;2019-02-25 15:41:32.220000000;2019-05-15 15:00:04.113000000;-2;8924021
30137;0008/ 067C01344;50,113629900000000;14,466440799999987;Krejèího ;;18000;1500;glass_white;2019-05-20 12:39:49;Bammens Memphis;2019-01-13 00:00:00;2019-02-25 15:41:32.220000000;2019-05-15 15:00:04.113000000;-2;8924021
30138;0008/ 067C01345;50,113629900000000;14,466440799999987;Krejèího ;;18000;1500;beverage_cartons;2019-05-19 20:31:04;Bammens Memphis;2019-01-13 00:00:00;2019-02-25 15:41:32.220000000;2019-05-15 15:00:04.113000000;-2;8924021
30139;0008/ 067C01346;50,113629900000000;14,466440799999987;Krejèího ;;18000;1500;metal;;Bammens Memphis;2019-01-13 00:00:00;2019-02-25 15:41:32.220000000;2019-05-15 15:00:04.113000000;-2;8924021
30140;0008/ 042C01351;50,108529000000000;14,473852500000020;Na Rokytce 22;;18000;3000;paper;2019-05-17 18:21:59;Bammens Memphis;2019-01-13 00:00:00;2019-02-25 15:41:32.220000000;2019-05-15 15:00:04.113000000;-2;8924021
30141;0008/ 042C01352;50,108529000000000;14,473852500000020;Na Rokytce 22;;18000;3000;plastic;;Bammens Memphis;2019-01-13 00:00:00;2019-02-25 15:41:32.220000000;2019-05-15 15:00:04.113000000;-2;8924021
30142;0008/ 042C01353;50,108529000000000;14,473852500000020;Na Rokytce 22;;18000;1500;glass_coloured;;Bammens Memphis;2019-01-13 00:00:00;2019-02-25 15:41:32.220000000;2019-05-15 15:00:04.113000000;-2;8924021
30143;0008/ 042C01354;50,108529000000000;14,473852500000020;Na Rokytce 22;;18000;1500;glass_white;;Bammens Memphis;2019-01-13 00:00:00;2019-02-25 15:41:32.220000000;2019-05-15 15:00:04.113000000;-2;8924021
30144;0008/ 042C01355;50,108529000000000;14,473852500000020;Na Rokytce 22;;18000;1500;beverage_cartons;;Bammens Memphis;2019-01-13 00:00:00;2019-02-25 15:41:32.220000000;2019-05-15 15:00:04.113000000;-2;8924021
30145;0008/ 042C01356;50,108529000000000;14,473852500000020;Na Rokytce 22;;18000;1500;metal;;Bammens Memphis;2019-01-13 00:00:00;2019-02-25 15:41:32.220000000;2019-05-15 15:00:04.113000000;-2;8924021
30146;0008/ 033C01361;50,110280100000000;14,470462799999950;U Meteoru ;;18000;3000;paper;;Bammens Memphis;2019-01-13 00:00:00;2019-02-25 15:41:32.220000000;2019-05-15 15:00:04.113000000;-2;8924021
30147;0008/ 033C01362;50,110280100000000;14,470462799999950;U Meteoru ;;18000;3000;plastic;;Bammens Memphis;2019-01-13 00:00:00;2019-02-25 15:41:32.220000000;2019-05-15 15:00:04.113000000;-2;8924021
30148;0008/ 033C01363;50,110280100000000;14,470462799999950;U Meteoru ;;18000;1500;glass_coloured;;Bammens Memphis;2019-01-13 00:00:00;2019-02-25 15:41:32.220000000;2019-05-15 15:00:04.113000000;-2;8924021
30149;0008/ 033C01364;50,110280100000000;14,470462799999950;U Meteoru ;;18000;1500;glass_white;2019-05-28 11:43:21;Bammens Memphis;2019-01-13 00:00:00;2019-02-25 15:41:32.220000000;2019-05-15 15:00:04.113000000;-2;8924021
30150;0008/ 044C01371;50,132249700000000;14,415671299999985;Na Bendovce ;;18000;3000;paper;2019-05-15 22:19:17;Bammens Memphis;2019-01-13 00:00:00;2019-02-25 15:41:32.220000000;2019-05-15 15:00:04.113000000;-2;8924021
30151;0008/ 044C01372;50,132249700000000;14,415671299999985;Na Bendovce ;;18000;3000;plastic;;Bammens Memphis;2019-01-13 00:00:00;2019-02-25 15:41:32.220000000;2019-05-15 15:00:04.113000000;-2;8924021
30152;0008/ 044C01373;50,132249700000000;14,415671299999985;Na Bendovce ;;18000;1500;glass_coloured;2019-06-15 10:20:37;Bammens Memphis;2019-01-13 00:00:00;2019-02-25 15:41:32.220000000;2019-05-15 15:00:04.113000000;-2;8924021
30153;0008/ 044C01374;50,132249700000000;14,415671299999985;Na Bendovce ;;18000;1500;glass_white;2019-05-20 04:55:43;Bammens Memphis;2019-01-13 00:00:00;2019-02-25 15:41:32.220000000;2019-05-15 15:00:04.113000000;-2;8924021
30154;0008/ 044C01375;50,132249700000000;14,415671299999985;Na Bendovce ;;18000;1500;beverage_cartons;2019-05-18 23:40:03;Bammens Memphis;2019-01-13 00:00:00;2019-02-25 15:41:32.220000000;2019-05-15 15:00:04.113000000;-2;8924021
30155;0008/ 044C01376;50,132249700000000;14,415671299999985;Na Bendovce ;;18000;1500;metal;2019-05-20 02:33:47;Bammens Memphis;2019-01-13 00:00:00;2019-02-25 15:41:32.220000000;2019-05-15 15:00:04.113000000;-2;8924021
30156;0008/ 034C01381;50,106620394624606;14,473741006877392;Nám. Dr. Václava Holého ;;18000;3000;paper;2019-05-18 12:42:38;Bammens Memphis;2019-01-13 00:00:00;2019-02-25 15:41:32.220000000;2019-05-15 15:00:04.113000000;-2;8924021
30157;0008/ 034C01382;50,106620394624606;14,473741006877392;Nám. Dr. Václava Holého ;;18000;3000;plastic;2019-05-18 06:00:45;Bammens Memphis;2019-01-13 00:00:00;2019-02-25 15:41:32.220000000;2019-05-15 15:00:04.113000000;-2;8924021
30158;0008/ 034C01383;50,106620394624606;14,473741006877392;Nám. Dr. Václava Holého ;;18000;1500;glass_coloured;;Bammens Memphis;2019-01-13 00:00:00;2019-02-25 15:41:32.220000000;2019-05-15 15:00:04.113000000;-2;8924021
30159;0008/ 034C01384;50,106620394624606;14,473741006877392;Nám. Dr. Václava Holého ;;18000;1500;glass_white;;Bammens Memphis;2019-01-13 00:00:00;2019-02-25 15:41:32.220000000;2019-05-15 15:00:04.113000000;-2;8924021
30160;0008/ 034C01385;50,106620394624606;14,473741006877392;Nám. Dr. Václava Holého ;;18000;1500;beverage_cartons;;Bammens Memphis;2019-01-13 00:00:00;2019-02-25 15:41:32.220000000;2019-05-15 15:00:04.113000000;-2;8924021
30162;0008/ 080C01391;50,115725700000000;14,474824500000068;Františka Kadlece ;;18000;3000;paper;;Bammens Memphis;2019-01-13 00:00:00;2019-02-25 15:41:32.220000000;2019-05-15 15:00:04.113000000;-2;8924021
30163;0008/ 080C01392;50,115725700000000;14,474824500000068;Františka Kadlece ;;18000;3000;plastic;;Bammens Memphis;2019-01-13 00:00:00;2019-02-25 15:41:32.220000000;2019-05-15 15:00:04.113000000;-2;8924021
30164;0008/ 080C01393;50,115725700000000;14,474824500000068;Františka Kadlece ;;18000;1500;glass_coloured;2019-05-25 12:58:24;Bammens Memphis;2019-01-13 00:00:00;2019-02-25 15:41:32.220000000;2019-05-15 15:00:04.113000000;-2;8924021
30165;0008/ 080C01394;50,115725700000000;14,474824500000068;Františka Kadlece ;;18000;1500;glass_white;;Bammens Memphis;2019-01-13 00:00:00;2019-02-25 15:41:32.220000000;2019-05-15 15:00:04.113000000;-2;8924021
30166;0008/ 080C01395;50,115725700000000;14,474824500000068;Františka Kadlece ;;18000;1500;beverage_cartons;;Bammens Memphis;2019-01-13 00:00:00;2019-02-25 15:41:32.220000000;2019-05-15 15:00:04.113000000;-2;8924021
30167;0008/ 080C01396;50,115725700000000;14,474824500000068;Františka Kadlece ;;18000;1500;metal;2019-06-02 00:03:23;Bammens Memphis;2019-01-13 00:00:00;2019-02-25 15:41:32.220000000;2019-05-15 15:00:04.113000000;-2;8924021
30168;0008/ 075C01401;50,125261599999990;14,432419500000037;Nad Vavrouškou Velká Skála ;;18000;3000;plastic;2019-05-16 23:03:11;Bammens Memphis;2019-01-13 00:00:00;2019-02-25 15:41:32.220000000;2019-05-15 15:00:04.113000000;-2;8924021
30169;0008/ 034C01386;50,106620394624606;14,473741006877392;Nám. Dr. Václava Holého ;;18000;1500;metal;2019-05-19 10:55:40;Bammens Memphis;2019-01-13 00:00:00;2019-02-25 15:41:32.220000000;2019-05-15 15:00:04.113000000;-2;8924021
30170;0008/ 075C01403;50,125261599999990;14,432419500000037;Nad Vavrouškou Velká Skála ;;18000;1500;glass_coloured;2019-05-18 17:38:58;Bammens Memphis;2019-01-13 00:00:00;2019-02-25 15:41:32.220000000;2019-05-15 15:00:04.113000000;-2;8924021
30171;0008/ 075C01404;50,125261599999990;14,432419500000037;Nad Vavrouškou Velká Skála ;;18000;1500;glass_white;2019-06-07 15:36:42;Bammens Memphis;2019-01-13 00:00:00;2019-02-25 15:41:32.220000000;2019-05-15 15:00:04.113000000;-2;8924021
30172;0008/ 276C01411;50,090989699999990;14,441688399999975;Za Poøíèskou bránou ;;18000;3000;paper;;Bammens Memphis;2019-01-13 00:00:00;2019-02-25 15:41:32.220000000;2019-05-15 15:00:04.113000000;-2;8924021
30173;0008/ 276C01412;50,090989699999990;14,441688399999975;Za Poøíèskou bránou ;;18000;3000;plastic;;Bammens Memphis;2019-01-13 00:00:00;2019-02-25 15:41:32.220000000;2019-05-15 15:00:04.113000000;-2;8924021
30174;0008/ 276C01413;50,090989699999990;14,441688399999975;Za Poøíèskou bránou ;;18000;1500;glass_coloured;;Bammens Memphis;2019-01-13 00:00:00;2019-02-25 15:41:32.220000000;2019-05-15 15:00:04.113000000;-2;8924021
30175;0008/ 276C01414;50,090989699999990;14,441688399999975;Za Poøíèskou bránou ;;18000;1500;glass_white;;Bammens Memphis;2019-01-13 00:00:00;2019-02-25 15:41:32.220000000;2019-05-15 15:00:04.113000000;-2;8924021
30176;0008/ 276C01415;50,090989699999990;14,441688399999975;Za Poøíèskou bránou ;;18000;1500;beverage_cartons;2019-05-19 18:39:13;Bammens Memphis;2019-01-13 00:00:00;2019-02-25 15:41:32.220000000;2019-05-15 15:00:04.113000000;-2;8924021
30274;0001/ 012C00651;50,092026099419540;14,427351343638295;Revoluèní  1044/23;Praha 1;11000;1500;glass_coloured;;Nadzem;2018-12-18 00:00:00;2019-02-25 15:41:32.220000000;2019-05-15 15:00:04.113000000;-2;8924021
30287;0001/ 012C00652;50,092026099419540;14,427351343638295;Revoluèní  1044/23;Praha 1;11000;2000;paper;2019-05-15 14:56:13;Nadzem;2018-12-18 00:00:00;2019-02-25 15:41:32.220000000;2019-05-15 15:00:04.113000000;-2;8924021
30288;0001/ 012C00653;50,092026099419540;14,427351343638295;Revoluèní  1044/23;Praha 1;11000;2000;plastic;2019-05-16 14:55:38;Nadzem;2018-12-18 00:00:00;2019-02-25 15:41:32.220000000;2019-05-15 15:00:04.113000000;-2;8924021
30290;0001/ 012C00655;50,092026099419540;14,427351343638295;Revoluèní  1044/23;Praha 1;11000;1500;metal;2019-06-03 21:59:49;Nadzem;2018-12-18 00:00:00;2019-02-25 15:41:32.220000000;2019-05-15 15:00:04.113000000;-2;8924021
30291;0001/ 012C00656;50,092026099419540;14,427351343638295;Revoluèní  1044/23;Praha 1;11000;1500;beverage_cartons;2019-05-26 02:15:19;Nadzem;2018-12-18 00:00:00;2019-02-25 15:41:32.220000000;2019-05-15 15:00:04.113000000;-2;8924021
30323;0008/ 075C01405;50,125261599999990;14,432419500000037;Nad Vavrouškou Velká Skála ;;18000;1500;paper;;Bammens Memphis;2019-01-13 00:00:00;2019-02-25 15:41:32.220000000;2019-05-15 15:00:04.113000000;-2;8924021
30326;0001/ 002C01581;50,086756000000010;14,417840500000011;Mariánské námìstí 158/3;;11000;3000;plastic;;Nadzem;2019-01-13 00:00:00;2019-02-25 15:41:32.220000000;2019-05-15 15:00:04.113000000;-2;8924021
30327;0001/ 002C01582;50,086756000000010;14,417840500000011;Mariánské námìstí 158/3;;11000;3000;paper;;Nadzem;2019-01-13 00:00:00;2019-02-25 15:41:32.220000000;2019-05-15 15:00:04.113000000;-2;8924021
30328;0001/ 002C01583;50,086756000000010;14,417840500000011;Mariánské námìstí 158/3;;11000;3000;metal;;Nadzem;2019-01-13 00:00:00;2019-02-25 15:41:32.220000000;2019-05-15 15:00:04.113000000;-2;8924021
30329;0001/ 002C01584;50,086756000000010;14,417840500000011;Mariánské námìstí 158/3;;11000;3000;beverage_cartons;2019-05-18 20:26:21;Nadzem;2019-01-13 00:00:00;2019-02-25 15:41:32.220000000;2019-05-15 15:00:04.113000000;-2;8924021
30330;0001/ 024C1571;50,080728800000000;14,416672299999960;Voršilská 139;;11000;3000;plastic;2019-05-17 19:44:36;Nadzem;2019-01-13 00:00:00;2019-02-25 15:41:32.220000000;2019-05-15 15:00:04.113000000;-2;8924021
30331;0001/ 024C01572;50,080728800000000;14,416672299999960;Voršilská 139;;11000;3000;paper;;Nadzem;2019-01-13 00:00:00;2019-02-25 15:41:32.220000000;2019-05-15 15:00:04.113000000;-2;8924021
30332;0001/ 024C01573;50,080728800000000;14,416672299999960;Voršilská 139;;11000;3000;metal;2019-05-17 07:52:52;Nadzem;2019-01-13 00:00:00;2019-02-25 15:41:32.220000000;2019-05-15 15:00:04.113000000;-2;8924021
30333;0001/ 024C01574;50,080728800000000;14,416672299999960;Voršilská 139;;11000;3000;beverage_cartons;;Nadzem;2019-01-13 00:00:00;2019-02-25 15:41:32.220000000;2019-05-15 15:00:04.113000000;-2;8924021
30334;0001/ 021C01561;50,077547900000000;14,424533600000018;Žitná 653/21 ;;11000;3000;plastic;;Nadzem;2019-01-13 00:00:00;2019-02-25 15:41:32.220000000;2019-05-15 15:00:04.113000000;-2;8924021
30335;0001/ 021C01562;50,077547900000000;14,424533600000018;Žitná 653/21 ;;11000;3000;paper;2019-05-17 06:39:17;Nadzem;2019-01-13 00:00:00;2019-02-25 15:41:32.220000000;2019-05-15 15:00:04.113000000;-2;8924021
30336;0001/ 021C01563;50,077547900000000;14,424533600000018;Žitná 653/21 ;;11000;3000;metal;;Nadzem;2019-01-13 00:00:00;2019-02-25 15:41:32.220000000;2019-05-15 15:00:04.113000000;-2;8924021
30337;0001/ 021C01564;50,077547900000000;14,424533600000018;Žitná 653/21 ;;11000;3000;beverage_cartons;2019-05-19 21:35:03;Nadzem;2019-01-13 00:00:00;2019-02-25 15:41:32.220000000;2019-05-15 15:00:04.113000000;-2;8924021
30338;0001/ 018C01551;50,085855100000000;14,436173000000053;Bolzanova 1604/7;;11000;3000;plastic;2019-05-19 06:30:16;Nadzem;2019-01-13 00:00:00;2019-02-25 15:41:32.220000000;2019-05-15 15:00:04.113000000;-2;8924021
30339;0001/ 018C01552;50,085855100000000;14,436173000000053;Bolzanova 1604/7;;11000;3000;paper;2019-05-16 12:59:39;Nadzem;2019-01-13 00:00:00;2019-02-25 15:41:32.220000000;2019-05-15 15:00:04.113000000;-2;8924021
30340;0001/ 018C01553;50,085855100000000;14,436173000000053;Bolzanova 1604/7;;11000;3000;metal;2019-05-20 01:26:37;Nadzem;2019-01-13 00:00:00;2019-02-25 15:41:32.220000000;2019-05-15 15:00:04.113000000;-2;8924021
30341;0001/ 018C01554;50,085855100000000;14,436173000000053;Bolzanova 1604/7;;11000;3000;beverage_cartons;2019-06-15 08:48:37;Nadzem;2019-01-13 00:00:00;2019-02-25 15:41:32.220000000;2019-05-15 15:00:04.113000000;-2;8924021
30342;0001/ 017C01541;50,083122570196984;14,430021867183314;Opletalova 1336/35;;11000;3000;paper;2019-05-20 04:10:17;Nadzem;2019-01-13 00:00:00;2019-02-25 15:41:32.220000000;2019-05-15 15:00:04.113000000;-2;8924021
30343;0001/ 017C01542;50,083122570196984;14,430021867183314;Opletalova 1336/35;;11000;3000;plastic;;Nadzem;2019-01-13 00:00:00;2019-02-25 15:41:32.220000000;2019-05-15 15:00:04.113000000;-2;8924021
30344;0001/ 017C01543;50,083122570196984;14,430021867183314;Opletalova 1336/35;;11000;3000;metal;2019-05-19 12:00:51;Nadzem;2019-01-13 00:00:00;2019-02-25 15:41:32.220000000;2019-05-15 15:00:04.113000000;-2;8924021
30345;0001/ 017C01544;50,083122570196984;14,430021867183314;Opletalova 1336/35;;11000;3000;beverage_cartons;2019-05-30 04:09:53;Nadzem;2019-01-13 00:00:00;2019-02-25 15:41:32.220000000;2019-05-15 15:00:04.113000000;-2;8924021
30346;0001/ 016C01531;50,085511700000000;14,430237400000010;Senovážné námìstí 976/31;;11000;3000;paper;;Nadzem;2019-01-13 00:00:00;2019-02-25 15:41:32.220000000;2019-05-15 15:00:04.113000000;-2;8924021
30347;0001/ 016C01532;50,085511700000000;14,430237400000010;Senovážné námìstí 976/31;;11000;3000;plastic;;Nadzem;2019-01-13 00:00:00;2019-02-25 15:41:32.220000000;2019-05-15 15:00:04.113000000;-2;8924021
30348;0001/ 016C01533;50,085511700000000;14,430237400000010;Senovážné námìstí 976/31;;11000;3000;metal;2019-05-26 10:58:37;Nadzem;2019-01-13 00:00:00;2019-02-25 15:41:32.220000000;2019-05-15 15:00:04.113000000;-2;8924021
30349;0001/ 016C01534;50,085511700000000;14,430237400000010;Senovážné námìstí 976/31;;11000;3000;beverage_cartons;2019-05-16 13:22:05;Nadzem;2019-01-13 00:00:00;2019-02-25 15:41:32.220000000;2019-05-15 15:00:04.113000000;-2;8924021
30350;0001/ 014C01521;50,093148600000000;14,435825600000044;Stárkova 65/6;;11000;3000;paper;2019-05-29 14:05:26;Nadzem;2019-01-13 00:00:00;2019-02-25 15:41:32.220000000;2019-05-15 15:00:04.113000000;-2;8924021
30351;0001/ 014C01522;50,093148600000000;14,435825600000044;Stárkova 65/6;;11000;3000;plastic;2019-05-22 17:21:29;Nadzem;2019-01-13 00:00:00;2019-02-25 15:41:32.220000000;2019-05-15 15:00:04.113000000;-2;8924021
30352;0001/ 014C01523;50,093148600000000;14,435825600000044;Stárkova 65/6;;11000;3000;metal;2019-10-31 01:54:15;Nadzem;;2019-02-25 15:41:32.220000000;2019-05-15 15:00:04.113000000;-2;8924021
30353;0001/ 014C01524;50,093148600000000;14,435825600000044;Stárkova 65/6;;11000;3000;beverage_cartons;2019-12-28 11:09:12;Nadzem;2019-01-13 00:00:00;2019-02-25 15:41:32.220000000;2019-05-15 15:00:04.113000000;-2;8924021
30354;0016/ 041C01511;49,984070900000000;14,363084100000037;Vìštínská 4;;15300;3000;beverage_cartons;2019-05-15 21:18:13;Schäfer/Europa-OV;2019-01-13 00:00:00;2019-02-25 15:41:32.220000000;2019-05-15 15:00:04.113000000;-2;8924021
30355;0016/ 041C01512;49,984070900000000;14,363084100000037;Vìštínská 4;;15300;3000;plastic;;Schäfer/Europa-OV;2019-01-13 00:00:00;2019-02-25 15:41:32.220000000;2019-05-15 15:00:04.113000000;-2;8924021
30356;0016/ 041C01513;49,984070900000000;14,363084100000037;Vìštínská 4;;15300;3000;paper;2019-05-15 23:49:18;Schäfer/Europa-OV;2019-01-13 00:00:00;2019-02-25 15:41:32.220000000;2019-05-15 15:00:04.113000000;-2;8924021
30357;0016/ 041C01514;49,984070900000000;14,363084100000037;Vìštínská 4;;15300;3000;metal;;Schäfer/Europa-OV;2019-01-13 00:00:00;2019-02-25 15:41:32.220000000;2019-05-15 15:00:04.113000000;-2;8924021
30358;0016/ 039C01501;49,980611400000010;14,354317199999969;Sídlištì 32;;15300;3000;beverage_cartons;2019-05-20 00:17:45;Schäfer/Europa-OV;2019-01-13 00:00:00;2019-02-25 15:41:32.220000000;2019-05-15 15:00:04.113000000;-2;8924021
30359;0016/ 039C01502;49,980611400000010;14,354317199999969;Sídlištì 32;;15300;3000;paper;2019-05-18 16:24:58;Schäfer/Europa-OV;2019-01-13 00:00:00;2019-02-25 15:41:32.220000000;2019-05-15 15:00:04.113000000;-2;8924021
30360;0016/ 039C01503;49,980611400000010;14,354317199999969;Sídlištì 32;;15300;3000;plastic;;Schäfer/Europa-OV;2019-01-13 00:00:00;2019-02-25 15:41:32.220000000;2019-05-15 15:00:04.113000000;-2;8924021
30361;0016/ 039C01504;49,980611400000010;14,354317199999969;Sídlištì 32;;15300;3000;metal;;Schäfer/Europa-OV;2019-01-13 00:00:00;2019-02-25 15:41:32.220000000;2019-05-15 15:00:04.113000000;-2;8924021
30362;0016/ 040C01491;49,979612499999990;14,352613700000006;Sídlištì 22;;15300;3000;paper;2019-05-18 04:29:52;Schäfer/Europa-OV;2019-01-13 00:00:00;2019-02-25 15:41:32.220000000;2019-05-15 15:00:04.113000000;-2;8924021
30363;0016/ 040C01492;49,979612499999990;14,352613700000006;Sídlištì 22;;15300;3000;plastic;2019-05-17 05:23:09;Schäfer/Europa-OV;2019-01-13 00:00:00;2019-02-25 15:41:32.220000000;2019-05-15 15:00:04.113000000;-2;8924021
30364;0016/ 042C01481;49,987143600000000;14,362860100000034;Prvomájová 27;;15300;3000;paper;;Schäfer/Europa-OV;2019-01-13 00:00:00;2019-02-25 15:41:32.220000000;2019-05-15 15:00:04.113000000;-2;8924021
30365;0016/ 042C01482;49,987143600000000;14,362860100000034;Prvomájová 27;;15300;3000;plastic;;Schäfer/Europa-OV;2019-01-13 00:00:00;2019-02-25 15:41:32.220000000;2019-05-15 15:00:04.113000000;-2;8924021
30366;0016/ 042C01483;49,987143600000000;14,362860100000034;Prvomájová 27;;15300;3000;metal;;Schäfer/Europa-OV;2019-01-13 00:00:00;2019-02-25 15:41:32.220000000;2019-05-15 15:00:04.113000000;-2;8924021
30367;0016/ 042C01484;49,987143600000000;14,362860100000034;Prvomájová 27;;15300;3000;beverage_cartons;2019-05-20 05:08:35;Schäfer/Europa-OV;2019-01-13 00:00:00;2019-02-25 15:41:32.220000000;2019-05-15 15:00:04.113000000;-2;8924021
30368;0016/ 037C01471;49,985198399999990;14,358450700000049;Prvomájová 6;;15300;3000;beverage_cartons;2019-05-16 07:34:16;Schäfer/Europa-OV;2019-01-13 00:00:00;2019-02-25 15:41:32.220000000;2019-05-15 15:00:04.113000000;-2;8924021
30369;0016/ 037C01472;49,985198399999990;14,358450700000049;Prvomájová 6;;15300;3000;metal;2019-05-16 01:05:17;Schäfer/Europa-OV;2019-01-13 00:00:00;2019-02-25 15:41:32.220000000;2019-05-15 15:00:04.113000000;-2;8924021
30370;0016/ 037C01473;49,985198399999990;14,358450700000049;Prvomájová 6;;15300;3000;paper;;Schäfer/Europa-OV;2019-01-13 00:00:00;2019-02-25 15:41:32.220000000;2019-05-15 15:00:04.113000000;-2;8924021
30371;0016/ 037C01474;49,985198399999990;14,358450700000049;Prvomájová 6;;15300;3000;plastic;;Schäfer/Europa-OV;2019-01-13 00:00:00;2019-02-25 15:41:32.220000000;2019-05-15 15:00:04.113000000;-2;8924021
30372;0016/ 045C01461;49,984391500000000;14,358044800000016;námìstí Osvoboditelù 5;;15300;3000;paper;;Schäfer/Europa-OV;2019-01-13 00:00:00;2019-02-25 15:41:32.220000000;2019-05-15 15:00:04.113000000;-2;8924021
30373;0016/ 045C01462;49,984391500000000;14,358044800000016;námìstí Osvoboditelù 5;;15300;3000;plastic;2019-05-21 09:49:37;Schäfer/Europa-OV;2019-01-13 00:00:00;2019-02-25 15:41:32.220000000;2019-05-15 15:00:04.113000000;-2;8924021
30374;0016/ 045C01463;49,984391500000000;14,358044800000016;námìstí Osvoboditelù 5;;15300;3000;metal;;Schäfer/Europa-OV;2019-01-13 00:00:00;2019-02-25 15:41:32.220000000;2019-05-15 15:00:04.113000000;-2;8924021
30375;0016/ 045C01464;49,984391500000000;14,358044800000016;námìstí Osvoboditelù 5;;15300;3000;beverage_cartons;;Schäfer/Europa-OV;2019-01-13 00:00:00;2019-02-25 15:41:32.220000000;2019-05-15 15:00:04.113000000;-2;8924021
30376;0016/ 045C01451;49,984930400000000;14,360399000000030;námìstí Osvoboditelù 1;;15300;3000;paper;2019-05-17 09:21:59;Schäfer/Europa-OV;2019-01-13 00:00:00;2019-02-25 15:41:32.220000000;2019-05-15 15:00:04.113000000;-2;8924021
30377;0016/ 045C01452;49,984930400000000;14,360399000000030;námìstí Osvoboditelù 1;;15300;3000;plastic;2019-05-17 00:08:18;Schäfer/Europa-OV;2019-01-13 00:00:00;2019-02-25 15:41:32.220000000;2019-05-15 15:00:04.113000000;-2;8924021
30378;0016/ 043C01441;49,981332400000000;14,360261499999979;Louèanská 8;;15300;3000;beverage_cartons;2019-05-23 09:53:04;Schäfer/Europa-OV;2019-01-13 00:00:00;2019-02-25 15:41:32.220000000;2019-05-15 15:00:04.113000000;-2;8924021
30379;0016/ 043C01442;49,981332400000000;14,360261499999979;Louèanská 8;;15300;3000;metal;2019-05-26 09:32:59;Schäfer/Europa-OV;2019-01-13 00:00:00;2019-02-25 15:41:32.220000000;2019-05-15 15:00:04.113000000;-2;8924021
30380;0016/ 043C01443;49,981332400000000;14,360261499999979;Louèanská 8;;15300;3000;paper;2019-05-17 11:35:45;Schäfer/Europa-OV;2019-01-13 00:00:00;2019-02-25 15:41:32.220000000;2019-05-15 15:00:04.113000000;-2;8924021
30381;0016/ 043C01444;49,981332400000000;14,360261499999979;Louèanská 8;;15300;3000;plastic;2019-05-16 22:42:45;Schäfer/Europa-OV;2019-01-13 00:00:00;2019-02-25 15:41:32.220000000;2019-05-15 15:00:04.113000000;-2;8924021
30382;0016/ 044C01431;49,983927200000000;14,364723700000013;Josefa Koèího 8;;15300;3000;metal;;Schäfer/Europa-OV;2019-01-13 00:00:00;2019-02-25 15:41:32.220000000;2019-05-15 15:00:04.113000000;-2;8924021
30383;0016/ 044C01432;49,983927200000000;14,364723700000013;Josefa Koèího 8;;15300;3000;paper;;Schäfer/Europa-OV;2019-01-13 00:00:00;2019-02-25 15:41:32.220000000;2019-05-15 15:00:04.113000000;-2;8924021
30384;0016/ 044C01433;49,983927200000000;14,364723700000013;Josefa Koèího 8;;15300;3000;plastic;;Schäfer/Europa-OV;2019-01-13 00:00:00;2019-02-25 15:41:32.220000000;2019-05-15 15:00:04.113000000;-2;8924021
30385;0016/ 044C01434;49,983927200000000;14,364723700000013;Josefa Koèího 8;;15300;3000;beverage_cartons;2019-05-18 09:54:17;Schäfer/Europa-OV;2019-01-13 00:00:00;2019-02-25 15:41:32.220000000;2019-05-15 15:00:04.113000000;-2;8924021
30386;0016/ 038C01421;49,982877300000000;14,361417100000040;Horymírovo námìstí  6;;15300;3000;metal;2019-05-18 08:37:57;Schäfer/Europa-OV;2019-01-13 00:00:00;2019-02-25 15:41:32.220000000;2019-05-15 15:00:04.113000000;-2;8924021
30387;0016/ 038C01422;49,982877300000000;14,361417100000040;Horymírovo námìstí  6;;15300;3000;paper;;Schäfer/Europa-OV;2019-01-13 00:00:00;2019-02-25 15:41:32.220000000;2019-05-15 15:00:04.113000000;-2;8924021
30388;0016/ 038C01423;49,982877300000000;14,361417100000040;Horymírovo námìstí  6;;15300;3000;plastic;;Schäfer/Europa-OV;2019-01-13 00:00:00;2019-02-25 15:41:32.220000000;2019-05-15 15:00:04.113000000;-2;8924021
30389;0016/ 038C01424;49,982877300000000;14,361417100000040;Horymírovo námìstí  6;;15300;3000;beverage_cartons;2019-05-23 18:49:30;Schäfer/Europa-OV;2019-01-13 00:00:00;2019-02-25 15:41:32.220000000;2019-05-15 15:00:04.113000000;-2;8924021
30400;0001/ 035C01591;50,087771774587864;14,390292987254725;Pohoøelec  111/25;;11000;2000;plastic;2019-05-15 15:25:41;Nadzem;2019-01-28 00:00:00;2019-02-25 15:41:32.220000000;2019-05-15 15:00:04.113000000;-2;8924021
30401;0001/ 035C01592;50,087771774587864;14,390292987254725;Pohoøelec  111/25;;11000;2000;paper;;Nadzem;2019-01-28 00:00:00;2019-02-25 15:41:32.220000000;2019-05-15 15:00:04.113000000;-2;8924021
30402;0001/ 035C01593;50,087771774587864;14,390292987254725;Pohoøelec  111/25;;11000;1100;glass_coloured;2019-05-25 13:09:36;Nadzem;2019-01-28 00:00:00;2019-02-25 15:41:32.220000000;2019-05-15 15:00:04.113000000;-2;8924021
30403;0001/ 035C01594;50,087771774587864;14,390292987254725;Pohoøelec  111/25;;11000;1100;glass_white;2019-05-26 13:20:38;Nadzem;2019-01-28 00:00:00;2019-02-25 15:41:32.220000000;2019-05-15 15:00:04.113000000;-2;8924021
30404;0001/ 035C01595;50,087771774587864;14,390292987254725;Pohoøelec  111/25;;11000;1100;metal;2019-05-17 16:35:07;Nadzem;2019-01-28 00:00:00;2019-02-25 15:41:32.220000000;2019-05-15 15:00:04.113000000;-2;8924021
30405;0001/ 035C01596;50,087771774587864;14,390292987254725;Pohoøelec  111/25;;11000;1100;beverage_cartons;2019-05-19 13:27:47;Nadzem;2019-01-28 00:00:00;2019-02-25 15:41:32.220000000;2019-05-15 15:00:04.113000000;-2;8924021
30406;0001/ 004C01601;50,089747374256866;14,420333728221522;Široká 1083/24;;11000;2000;plastic;2019-05-20 07:33:43;Nadzem;2019-01-28 00:00:00;2019-02-25 15:41:32.220000000;2019-05-15 15:00:04.113000000;-2;8924021
30407;0001/ 004C01602;50,089747374256866;14,420333728221522;Široká 1083/24;;11000;2000;paper;2019-05-17 12:27:01;Nadzem;2019-01-28 00:00:00;2019-02-25 15:41:32.220000000;2019-05-15 15:00:04.113000000;-2;8924021
30408;0001/ 004C01603;50,089747374256866;14,420333728221522;Široká 1083/24;;11000;1100;metal;2019-05-21 23:22:06;Nadzem;2019-01-28 00:00:00;2019-02-25 15:41:32.220000000;2019-05-15 15:00:04.113000000;-2;8924021
30409;0001/ 004C01604;50,089747374256866;14,420333728221522;Široká 1083/24;;11000;1100;beverage_cartons;2019-05-28 16:34:49;Nadzem;2019-01-28 00:00:00;2019-02-25 15:41:32.220000000;2019-05-15 15:00:04.113000000;-2;8924021
30413;0003/ 022C00525;50,079477900000000;14,457476400000019;Lucemburská 1579/33;;13000;1500;beverage_cartons;2019-05-19 09:26:48;Schäfer/Europa-OR/GB;;2019-02-25 15:41:32.220000000;2019-05-15 15:00:04.113000000;-2;8924021
